0;(Emp[1] union Emp[2] union Emp[3] union Emp[4] union Emp[5]) where hire_date < 1980-01-0;52.94;5.75868093E7
1;(Emp[1] union Emp[2] union Emp[3] union Emp[4] union Emp[5]) where hire_date < 1980-01-01 and sal > 50;60.44;6.373822704E7
2;(Emp[1] union Emp[2] union Emp[3] union Emp[4] union Emp[5]) where hire_date < 1980-01-01 and sal > 500 and position = "tester;52.03;5.520530716E7
3;(Emp[1] union Emp[2] union Emp[3] union Emp[4] union Emp[5]) where hire_date < 1980-01-01 and sal > 500 and position = "tester" and sex = "male;51.6;5.455336022E7
4;(Emp[1] union Emp[2] union Emp[3] union Emp[4] union Emp[5]) where hire_date < 1980-01-01 and sal > 500 and position = "tester" and sex = "male" and lname = "Acosta;51.8;5.478731935E7
5;(Emp[1] union Emp[2] union Emp[3] union Emp[4] union Emp[5]) where hire_date < 1980-01-01 and sal > 500 and position = "tester" and sex = "male" and lname = "Acosta" and fName = "Clayton;52.33;5.554134863E7
6;(Emp[1] union Emp[2] union Emp[3] union Emp[4] union Emp[5] union Emp[6] union Emp[7] union Emp[8] union Emp[9] union Emp[10]) where hire_date < 1980-01-0;100.3;1.0322859596E8
7;(Emp[1] union Emp[2] union Emp[3] union Emp[4] union Emp[5] union Emp[6] union Emp[7] union Emp[8] union Emp[9] union Emp[10]) where hire_date < 1980-01-01 and sal > 50;96.35;9.922084377E7
8;(Emp[1] union Emp[2] union Emp[3] union Emp[4] union Emp[5] union Emp[6] union Emp[7] union Emp[8] union Emp[9] union Emp[10]) where hire_date < 1980-01-01 and sal > 500 and position = "tester;97.23;1.0045265525E8
9;(Emp[1] union Emp[2] union Emp[3] union Emp[4] union Emp[5] union Emp[6] union Emp[7] union Emp[8] union Emp[9] union Emp[10]) where hire_date < 1980-01-01 and sal > 500 and position = "tester" and sex = "male;97.37;1.0060887739E8
10;(Emp[1] union Emp[2] union Emp[3] union Emp[4] union Emp[5] union Emp[6] union Emp[7] union Emp[8] union Emp[9] union Emp[10]) where hire_date < 1980-01-01 and sal > 500 and position = "tester" and sex = "male" and lname = "Acosta;97.07;1.0029445271E8
11;(Emp[1] union Emp[2] union Emp[3] union Emp[4] union Emp[5] union Emp[6] union Emp[7] union Emp[8] union Emp[9] union Emp[10]) where hire_date < 1980-01-01 and sal > 500 and position = "tester" and sex = "male" and lname = "Acosta" and fName = "Clayton;98.41;1.0207668654E8
12;(Emp[1] union Emp[2] union Emp[3] union Emp[4] union Emp[5] union Emp[6] union Emp[7] union Emp[8] union Emp[9] union Emp[10] union Emp[11] union Emp[12] union Emp[13] union Emp[14] union Emp[15]) where hire_date < 1980-01-0;148.75;1.515957425E8
13;(Emp[1] union Emp[2] union Emp[3] union Emp[4] union Emp[5] union Emp[6] union Emp[7] union Emp[8] union Emp[9] union Emp[10] union Emp[11] union Emp[12] union Emp[13] union Emp[14] union Emp[15]) where hire_date < 1980-01-01 and sal > 50;145.76;1.4879670979E8
14;(Emp[1] union Emp[2] union Emp[3] union Emp[4] union Emp[5] union Emp[6] union Emp[7] union Emp[8] union Emp[9] union Emp[10] union Emp[11] union Emp[12] union Emp[13] union Emp[14] union Emp[15]) where hire_date < 1980-01-01 and sal > 500 and position = "tester;148.93;1.5208791659E8
15;(Emp[1] union Emp[2] union Emp[3] union Emp[4] union Emp[5] union Emp[6] union Emp[7] union Emp[8] union Emp[9] union Emp[10] union Emp[11] union Emp[12] union Emp[13] union Emp[14] union Emp[15]) where hire_date < 1980-01-01 and sal > 500 and position = "tester" and sex = "male;148.79;1.5204920971E8
16;(Emp[1] union Emp[2] union Emp[3] union Emp[4] union Emp[5] union Emp[6] union Emp[7] union Emp[8] union Emp[9] union Emp[10] union Emp[11] union Emp[12] union Emp[13] union Emp[14] union Emp[15]) where hire_date < 1980-01-01 and sal > 500 and position = "tester" and sex = "male" and lname = "Acosta;148.56;1.5189654737E8
17;(Emp[1] union Emp[2] union Emp[3] union Emp[4] union Emp[5] union Emp[6] union Emp[7] union Emp[8] union Emp[9] union Emp[10] union Emp[11] union Emp[12] union Emp[13] union Emp[14] union Emp[15]) where hire_date < 1980-01-01 and sal > 500 and position = "tester" and sex = "male" and lname = "Acosta" and fName = "Clayton;148.85;1.5222790637E8
18;(Emp[1] union Emp[2] union Emp[3] union Emp[4] union Emp[5] union Emp[6] union Emp[7] union Emp[8] union Emp[9] union Emp[10] union Emp[11] union Emp[12] union Emp[13] union Emp[14] union Emp[15] union Emp[16] union Emp[17] union Emp[18] union Emp[19] union Emp[20]) where hire_date < 1980-01-0;194.3;1.9750461121E8
19;(Emp[1] union Emp[2] union Emp[3] union Emp[4] union Emp[5] union Emp[6] union Emp[7] union Emp[8] union Emp[9] union Emp[10] union Emp[11] union Emp[12] union Emp[13] union Emp[14] union Emp[15] union Emp[16] union Emp[17] union Emp[18] union Emp[19] union Emp[20]) where hire_date < 1980-01-01 and sal > 50;193.24;1.9658944361E8
20;(Emp[1] union Emp[2] union Emp[3] union Emp[4] union Emp[5] union Emp[6] union Emp[7] union Emp[8] union Emp[9] union Emp[10] union Emp[11] union Emp[12] union Emp[13] union Emp[14] union Emp[15] union Emp[16] union Emp[17] union Emp[18] union Emp[19] union Emp[20]) where hire_date < 1980-01-01 and sal > 500 and position = "tester;194.0;1.9739463203E8
21;(Emp[1] union Emp[2] union Emp[3] union Emp[4] union Emp[5] union Emp[6] union Emp[7] union Emp[8] union Emp[9] union Emp[10] union Emp[11] union Emp[12] union Emp[13] union Emp[14] union Emp[15] union Emp[16] union Emp[17] union Emp[18] union Emp[19] union Emp[20]) where hire_date < 1980-01-01 and sal > 500 and position = "tester" and sex = "male;193.65;1.9718832884E8
22;(Emp[1] union Emp[2] union Emp[3] union Emp[4] union Emp[5] union Emp[6] union Emp[7] union Emp[8] union Emp[9] union Emp[10] union Emp[11] union Emp[12] union Emp[13] union Emp[14] union Emp[15] union Emp[16] union Emp[17] union Emp[18] union Emp[19] union Emp[20]) where hire_date < 1980-01-01 and sal > 500 and position = "tester" and sex = "male" and lname = "Acosta;193.28;1.9687976254E8
23;(Emp[1] union Emp[2] union Emp[3] union Emp[4] union Emp[5] union Emp[6] union Emp[7] union Emp[8] union Emp[9] union Emp[10] union Emp[11] union Emp[12] union Emp[13] union Emp[14] union Emp[15] union Emp[16] union Emp[17] union Emp[18] union Emp[19] union Emp[20]) where hire_date < 1980-01-01 and sal > 500 and position = "tester" and sex = "male" and lname = "Acosta" and fName = "Clayton;193.66;1.9735050091E8
24;(Emp[1] union Emp[2] union Emp[3] union Emp[4] union Emp[5] union Emp[6] union Emp[7] union Emp[8] union Emp[9] union Emp[10] union Emp[11] union Emp[12] union Emp[13] union Emp[14] union Emp[15] union Emp[16] union Emp[17] union Emp[18] union Emp[19] union Emp[20] union Emp[21] union Emp[22] union Emp[23] union Emp[24] union Emp[25]) where hire_date < 1980-01-0;241.73;2.4505999291E8
25;(Emp[1] union Emp[2] union Emp[3] union Emp[4] union Emp[5] union Emp[6] union Emp[7] union Emp[8] union Emp[9] union Emp[10] union Emp[11] union Emp[12] union Emp[13] union Emp[14] union Emp[15] union Emp[16] union Emp[17] union Emp[18] union Emp[19] union Emp[20] union Emp[21] union Emp[22] union Emp[23] union Emp[24] union Emp[25]) where hire_date < 1980-01-01 and sal > 50;245.53;2.490821828E8
26;(Emp[1] union Emp[2] union Emp[3] union Emp[4] union Emp[5] union Emp[6] union Emp[7] union Emp[8] union Emp[9] union Emp[10] union Emp[11] union Emp[12] union Emp[13] union Emp[14] union Emp[15] union Emp[16] union Emp[17] union Emp[18] union Emp[19] union Emp[20] union Emp[21] union Emp[22] union Emp[23] union Emp[24] union Emp[25]) where hire_date < 1980-01-01 and sal > 500 and position = "tester;245.66;2.4933652728E8
27;(Emp[1] union Emp[2] union Emp[3] union Emp[4] union Emp[5] union Emp[6] union Emp[7] union Emp[8] union Emp[9] union Emp[10] union Emp[11] union Emp[12] union Emp[13] union Emp[14] union Emp[15] union Emp[16] union Emp[17] union Emp[18] union Emp[19] union Emp[20] union Emp[21] union Emp[22] union Emp[23] union Emp[24] union Emp[25]) where hire_date < 1980-01-01 and sal > 500 and position = "tester" and sex = "male;245.91;2.4966212571E8
28;(Emp[1] union Emp[2] union Emp[3] union Emp[4] union Emp[5] union Emp[6] union Emp[7] union Emp[8] union Emp[9] union Emp[10] union Emp[11] union Emp[12] union Emp[13] union Emp[14] union Emp[15] union Emp[16] union Emp[17] union Emp[18] union Emp[19] union Emp[20] union Emp[21] union Emp[22] union Emp[23] union Emp[24] union Emp[25]) where hire_date < 1980-01-01 and sal > 500 and position = "tester" and sex = "male" and lname = "Acosta;246.07;2.4995263544E8
29;(Emp[1] union Emp[2] union Emp[3] union Emp[4] union Emp[5] union Emp[6] union Emp[7] union Emp[8] union Emp[9] union Emp[10] union Emp[11] union Emp[12] union Emp[13] union Emp[14] union Emp[15] union Emp[16] union Emp[17] union Emp[18] union Emp[19] union Emp[20] union Emp[21] union Emp[22] union Emp[23] union Emp[24] union Emp[25]) where hire_date < 1980-01-01 and sal > 500 and position = "tester" and sex = "male" and lname = "Acosta" and fName = "Clayton;245.43;2.4944117724E8
30;(Emp[1] union Emp[2] union Emp[3] union Emp[4] union Emp[5] union Emp[6] union Emp[7] union Emp[8] union Emp[9] union Emp[10] union Emp[11] union Emp[12] union Emp[13] union Emp[14] union Emp[15] union Emp[16] union Emp[17] union Emp[18] union Emp[19] union Emp[20] union Emp[21] union Emp[22] union Emp[23] union Emp[24] union Emp[25] union Emp[26] union Emp[27] union Emp[28] union Emp[29] union Emp[30]) where hire_date < 1980-01-0;294.32;2.9802640209E8
31;(Emp[1] union Emp[2] union Emp[3] union Emp[4] union Emp[5] union Emp[6] union Emp[7] union Emp[8] union Emp[9] union Emp[10] union Emp[11] union Emp[12] union Emp[13] union Emp[14] union Emp[15] union Emp[16] union Emp[17] union Emp[18] union Emp[19] union Emp[20] union Emp[21] union Emp[22] union Emp[23] union Emp[24] union Emp[25] union Emp[26] union Emp[27] union Emp[28] union Emp[29] union Emp[30]) where hire_date < 1980-01-01 and sal > 50;293.65;2.9740844965E8
32;(Emp[1] union Emp[2] union Emp[3] union Emp[4] union Emp[5] union Emp[6] union Emp[7] union Emp[8] union Emp[9] union Emp[10] union Emp[11] union Emp[12] union Emp[13] union Emp[14] union Emp[15] union Emp[16] union Emp[17] union Emp[18] union Emp[19] union Emp[20] union Emp[21] union Emp[22] union Emp[23] union Emp[24] union Emp[25] union Emp[26] union Emp[27] union Emp[28] union Emp[29] union Emp[30]) where hire_date < 1980-01-01 and sal > 500 and position = "tester;293.0;2.9696961489E8
33;(Emp[1] union Emp[2] union Emp[3] union Emp[4] union Emp[5] union Emp[6] union Emp[7] union Emp[8] union Emp[9] union Emp[10] union Emp[11] union Emp[12] union Emp[13] union Emp[14] union Emp[15] union Emp[16] union Emp[17] union Emp[18] union Emp[19] union Emp[20] union Emp[21] union Emp[22] union Emp[23] union Emp[24] union Emp[25] union Emp[26] union Emp[27] union Emp[28] union Emp[29] union Emp[30]) where hire_date < 1980-01-01 and sal > 500 and position = "tester" and sex = "male;293.95;2.9804428671E8
34;(Emp[1] union Emp[2] union Emp[3] union Emp[4] union Emp[5] union Emp[6] union Emp[7] union Emp[8] union Emp[9] union Emp[10] union Emp[11] union Emp[12] union Emp[13] union Emp[14] union Emp[15] union Emp[16] union Emp[17] union Emp[18] union Emp[19] union Emp[20] union Emp[21] union Emp[22] union Emp[23] union Emp[24] union Emp[25] union Emp[26] union Emp[27] union Emp[28] union Emp[29] union Emp[30]) where hire_date < 1980-01-01 and sal > 500 and position = "tester" and sex = "male" and lname = "Acosta;293.26;2.9733675208E8
35;(Emp[1] union Emp[2] union Emp[3] union Emp[4] union Emp[5] union Emp[6] union Emp[7] union Emp[8] union Emp[9] union Emp[10] union Emp[11] union Emp[12] union Emp[13] union Emp[14] union Emp[15] union Emp[16] union Emp[17] union Emp[18] union Emp[19] union Emp[20] union Emp[21] union Emp[22] union Emp[23] union Emp[24] union Emp[25] union Emp[26] union Emp[27] union Emp[28] union Emp[29] union Emp[30]) where hire_date < 1980-01-01 and sal > 500 and position = "tester" and sex = "male" and lname = "Acosta" and fName = "Clayton;291.02;2.9526657288E8
36;(Emp[1] union Emp[2] union Emp[3] union Emp[4] union Emp[5] union Emp[6] union Emp[7] union Emp[8] union Emp[9] union Emp[10] union Emp[11] union Emp[12] union Emp[13] union Emp[14] union Emp[15] union Emp[16] union Emp[17] union Emp[18] union Emp[19] union Emp[20] union Emp[21] union Emp[22] union Emp[23] union Emp[24] union Emp[25] union Emp[26] union Emp[27] union Emp[28] union Emp[29] union Emp[30] union Emp[31] union Emp[32] union Emp[33] union Emp[34] union Emp[35]) where hire_date < 1980-01-0;329.12;3.3308522066E8
37;(Emp[1] union Emp[2] union Emp[3] union Emp[4] union Emp[5] union Emp[6] union Emp[7] union Emp[8] union Emp[9] union Emp[10] union Emp[11] union Emp[12] union Emp[13] union Emp[14] union Emp[15] union Emp[16] union Emp[17] union Emp[18] union Emp[19] union Emp[20] union Emp[21] union Emp[22] union Emp[23] union Emp[24] union Emp[25] union Emp[26] union Emp[27] union Emp[28] union Emp[29] union Emp[30] union Emp[31] union Emp[32] union Emp[33] union Emp[34] union Emp[35]) where hire_date < 1980-01-01 and sal > 50;326.43;3.306774994E8
38;(Emp[1] union Emp[2] union Emp[3] union Emp[4] union Emp[5] union Emp[6] union Emp[7] union Emp[8] union Emp[9] union Emp[10] union Emp[11] union Emp[12] union Emp[13] union Emp[14] union Emp[15] union Emp[16] union Emp[17] union Emp[18] union Emp[19] union Emp[20] union Emp[21] union Emp[22] union Emp[23] union Emp[24] union Emp[25] union Emp[26] union Emp[27] union Emp[28] union Emp[29] union Emp[30] union Emp[31] union Emp[32] union Emp[33] union Emp[34] union Emp[35]) where hire_date < 1980-01-01 and sal > 500 and position = "tester;322.9;3.2722375269E8
39;(Emp[1] union Emp[2] union Emp[3] union Emp[4] union Emp[5] union Emp[6] union Emp[7] union Emp[8] union Emp[9] union Emp[10] union Emp[11] union Emp[12] union Emp[13] union Emp[14] union Emp[15] union Emp[16] union Emp[17] union Emp[18] union Emp[19] union Emp[20] union Emp[21] union Emp[22] union Emp[23] union Emp[24] union Emp[25] union Emp[26] union Emp[27] union Emp[28] union Emp[29] union Emp[30] union Emp[31] union Emp[32] union Emp[33] union Emp[34] union Emp[35]) where hire_date < 1980-01-01 and sal > 500 and position = "tester" and sex = "male;323.69;3.2814899338E8
40;(Emp[1] union Emp[2] union Emp[3] union Emp[4] union Emp[5] union Emp[6] union Emp[7] union Emp[8] union Emp[9] union Emp[10] union Emp[11] union Emp[12] union Emp[13] union Emp[14] union Emp[15] union Emp[16] union Emp[17] union Emp[18] union Emp[19] union Emp[20] union Emp[21] union Emp[22] union Emp[23] union Emp[24] union Emp[25] union Emp[26] union Emp[27] union Emp[28] union Emp[29] union Emp[30] union Emp[31] union Emp[32] union Emp[33] union Emp[34] union Emp[35]) where hire_date < 1980-01-01 and sal > 500 and position = "tester" and sex = "male" and lname = "Acosta;321.18;3.2575249211E8
41;(Emp[1] union Emp[2] union Emp[3] union Emp[4] union Emp[5] union Emp[6] union Emp[7] union Emp[8] union Emp[9] union Emp[10] union Emp[11] union Emp[12] union Emp[13] union Emp[14] union Emp[15] union Emp[16] union Emp[17] union Emp[18] union Emp[19] union Emp[20] union Emp[21] union Emp[22] union Emp[23] union Emp[24] union Emp[25] union Emp[26] union Emp[27] union Emp[28] union Emp[29] union Emp[30] union Emp[31] union Emp[32] union Emp[33] union Emp[34] union Emp[35]) where hire_date < 1980-01-01 and sal > 500 and position = "tester" and sex = "male" and lname = "Acosta" and fName = "Clayton;321.04;3.2570199785E8
42;(Emp[1] union Emp[2] union Emp[3] union Emp[4] union Emp[5] union Emp[6] union Emp[7] union Emp[8] union Emp[9] union Emp[10] union Emp[11] union Emp[12] union Emp[13] union Emp[14] union Emp[15] union Emp[16] union Emp[17] union Emp[18] union Emp[19] union Emp[20] union Emp[21] union Emp[22] union Emp[23] union Emp[24] union Emp[25] union Emp[26] union Emp[27] union Emp[28] union Emp[29] union Emp[30] union Emp[31] union Emp[32] union Emp[33] union Emp[34] union Emp[35] union Emp[36] union Emp[37] union Emp[38] union Emp[39] union Emp[40]) where hire_date < 1980-01-0;372.33;3.76662202E8
43;(Emp[1] union Emp[2] union Emp[3] union Emp[4] union Emp[5] union Emp[6] union Emp[7] union Emp[8] union Emp[9] union Emp[10] union Emp[11] union Emp[12] union Emp[13] union Emp[14] union Emp[15] union Emp[16] union Emp[17] union Emp[18] union Emp[19] union Emp[20] union Emp[21] union Emp[22] union Emp[23] union Emp[24] union Emp[25] union Emp[26] union Emp[27] union Emp[28] union Emp[29] union Emp[30] union Emp[31] union Emp[32] union Emp[33] union Emp[34] union Emp[35] union Emp[36] union Emp[37] union Emp[38] union Emp[39] union Emp[40]) where hire_date < 1980-01-01 and sal > 50;370.99;3.7554206429E8
44;(Emp[1] union Emp[2] union Emp[3] union Emp[4] union Emp[5] union Emp[6] union Emp[7] union Emp[8] union Emp[9] union Emp[10] union Emp[11] union Emp[12] union Emp[13] union Emp[14] union Emp[15] union Emp[16] union Emp[17] union Emp[18] union Emp[19] union Emp[20] union Emp[21] union Emp[22] union Emp[23] union Emp[24] union Emp[25] union Emp[26] union Emp[27] union Emp[28] union Emp[29] union Emp[30] union Emp[31] union Emp[32] union Emp[33] union Emp[34] union Emp[35] union Emp[36] union Emp[37] union Emp[38] union Emp[39] union Emp[40]) where hire_date < 1980-01-01 and sal > 500 and position = "tester;377.76;3.8234020827E8
45;(Emp[1] union Emp[2] union Emp[3] union Emp[4] union Emp[5] union Emp[6] union Emp[7] union Emp[8] union Emp[9] union Emp[10] union Emp[11] union Emp[12] union Emp[13] union Emp[14] union Emp[15] union Emp[16] union Emp[17] union Emp[18] union Emp[19] union Emp[20] union Emp[21] union Emp[22] union Emp[23] union Emp[24] union Emp[25] union Emp[26] union Emp[27] union Emp[28] union Emp[29] union Emp[30] union Emp[31] union Emp[32] union Emp[33] union Emp[34] union Emp[35] union Emp[36] union Emp[37] union Emp[38] union Emp[39] union Emp[40]) where hire_date < 1980-01-01 and sal > 500 and position = "tester" and sex = "male;373.31;3.7810380811E8
46;(Emp[1] union Emp[2] union Emp[3] union Emp[4] union Emp[5] union Emp[6] union Emp[7] union Emp[8] union Emp[9] union Emp[10] union Emp[11] union Emp[12] union Emp[13] union Emp[14] union Emp[15] union Emp[16] union Emp[17] union Emp[18] union Emp[19] union Emp[20] union Emp[21] union Emp[22] union Emp[23] union Emp[24] union Emp[25] union Emp[26] union Emp[27] union Emp[28] union Emp[29] union Emp[30] union Emp[31] union Emp[32] union Emp[33] union Emp[34] union Emp[35] union Emp[36] union Emp[37] union Emp[38] union Emp[39] union Emp[40]) where hire_date < 1980-01-01 and sal > 500 and position = "tester" and sex = "male" and lname = "Acosta;374.03;3.7889509372E8
47;(Emp[1] union Emp[2] union Emp[3] union Emp[4] union Emp[5] union Emp[6] union Emp[7] union Emp[8] union Emp[9] union Emp[10] union Emp[11] union Emp[12] union Emp[13] union Emp[14] union Emp[15] union Emp[16] union Emp[17] union Emp[18] union Emp[19] union Emp[20] union Emp[21] union Emp[22] union Emp[23] union Emp[24] union Emp[25] union Emp[26] union Emp[27] union Emp[28] union Emp[29] union Emp[30] union Emp[31] union Emp[32] union Emp[33] union Emp[34] union Emp[35] union Emp[36] union Emp[37] union Emp[38] union Emp[39] union Emp[40]) where hire_date < 1980-01-01 and sal > 500 and position = "tester" and sex = "male" and lname = "Acosta" and fName = "Clayton;375.45;3.8044028036E8
48;(Emp[1] union Emp[2] union Emp[3] union Emp[4] union Emp[5] union Emp[6] union Emp[7] union Emp[8] union Emp[9] union Emp[10] union Emp[11] union Emp[12] union Emp[13] union Emp[14] union Emp[15] union Emp[16] union Emp[17] union Emp[18] union Emp[19] union Emp[20] union Emp[21] union Emp[22] union Emp[23] union Emp[24] union Emp[25] union Emp[26] union Emp[27] union Emp[28] union Emp[29] union Emp[30] union Emp[31] union Emp[32] union Emp[33] union Emp[34] union Emp[35] union Emp[36] union Emp[37] union Emp[38] union Emp[39] union Emp[40] union Emp[41] union Emp[42] union Emp[43] union Emp[44] union Emp[45]) where hire_date < 1980-01-0;417.47;4.2201124592E8
49;(Emp[1] union Emp[2] union Emp[3] union Emp[4] union Emp[5] union Emp[6] union Emp[7] union Emp[8] union Emp[9] union Emp[10] union Emp[11] union Emp[12] union Emp[13] union Emp[14] union Emp[15] union Emp[16] union Emp[17] union Emp[18] union Emp[19] union Emp[20] union Emp[21] union Emp[22] union Emp[23] union Emp[24] union Emp[25] union Emp[26] union Emp[27] union Emp[28] union Emp[29] union Emp[30] union Emp[31] union Emp[32] union Emp[33] union Emp[34] union Emp[35] union Emp[36] union Emp[37] union Emp[38] union Emp[39] union Emp[40] union Emp[41] union Emp[42] union Emp[43] union Emp[44] union Emp[45]) where hire_date < 1980-01-01 and sal > 50;414.18;4.1890212116E8
50;(Emp[1] union Emp[2] union Emp[3] union Emp[4] union Emp[5] union Emp[6] union Emp[7] union Emp[8] union Emp[9] union Emp[10] union Emp[11] union Emp[12] union Emp[13] union Emp[14] union Emp[15] union Emp[16] union Emp[17] union Emp[18] union Emp[19] union Emp[20] union Emp[21] union Emp[22] union Emp[23] union Emp[24] union Emp[25] union Emp[26] union Emp[27] union Emp[28] union Emp[29] union Emp[30] union Emp[31] union Emp[32] union Emp[33] union Emp[34] union Emp[35] union Emp[36] union Emp[37] union Emp[38] union Emp[39] union Emp[40] union Emp[41] union Emp[42] union Emp[43] union Emp[44] union Emp[45]) where hire_date < 1980-01-01 and sal > 500 and position = "tester;417.36;4.2222149712E8
51;(Emp[1] union Emp[2] union Emp[3] union Emp[4] union Emp[5] union Emp[6] union Emp[7] union Emp[8] union Emp[9] union Emp[10] union Emp[11] union Emp[12] union Emp[13] union Emp[14] union Emp[15] union Emp[16] union Emp[17] union Emp[18] union Emp[19] union Emp[20] union Emp[21] union Emp[22] union Emp[23] union Emp[24] union Emp[25] union Emp[26] union Emp[27] union Emp[28] union Emp[29] union Emp[30] union Emp[31] union Emp[32] union Emp[33] union Emp[34] union Emp[35] union Emp[36] union Emp[37] union Emp[38] union Emp[39] union Emp[40] union Emp[41] union Emp[42] union Emp[43] union Emp[44] union Emp[45]) where hire_date < 1980-01-01 and sal > 500 and position = "tester" and sex = "male;418.41;4.233880636E8
52;(Emp[1] union Emp[2] union Emp[3] union Emp[4] union Emp[5] union Emp[6] union Emp[7] union Emp[8] union Emp[9] union Emp[10] union Emp[11] union Emp[12] union Emp[13] union Emp[14] union Emp[15] union Emp[16] union Emp[17] union Emp[18] union Emp[19] union Emp[20] union Emp[21] union Emp[22] union Emp[23] union Emp[24] union Emp[25] union Emp[26] union Emp[27] union Emp[28] union Emp[29] union Emp[30] union Emp[31] union Emp[32] union Emp[33] union Emp[34] union Emp[35] union Emp[36] union Emp[37] union Emp[38] union Emp[39] union Emp[40] union Emp[41] union Emp[42] union Emp[43] union Emp[44] union Emp[45]) where hire_date < 1980-01-01 and sal > 500 and position = "tester" and sex = "male" and lname = "Acosta;418.03;4.2320889792E8
53;(Emp[1] union Emp[2] union Emp[3] union Emp[4] union Emp[5] union Emp[6] union Emp[7] union Emp[8] union Emp[9] union Emp[10] union Emp[11] union Emp[12] union Emp[13] union Emp[14] union Emp[15] union Emp[16] union Emp[17] union Emp[18] union Emp[19] union Emp[20] union Emp[21] union Emp[22] union Emp[23] union Emp[24] union Emp[25] union Emp[26] union Emp[27] union Emp[28] union Emp[29] union Emp[30] union Emp[31] union Emp[32] union Emp[33] union Emp[34] union Emp[35] union Emp[36] union Emp[37] union Emp[38] union Emp[39] union Emp[40] union Emp[41] union Emp[42] union Emp[43] union Emp[44] union Emp[45]) where hire_date < 1980-01-01 and sal > 500 and position = "tester" and sex = "male" and lname = "Acosta" and fName = "Clayton;417.3;4.2256413886E8
54;(Emp[1] union Emp[2] union Emp[3] union Emp[4] union Emp[5] union Emp[6] union Emp[7] union Emp[8] union Emp[9] union Emp[10] union Emp[11] union Emp[12] union Emp[13] union Emp[14] union Emp[15] union Emp[16] union Emp[17] union Emp[18] union Emp[19] union Emp[20] union Emp[21] union Emp[22] union Emp[23] union Emp[24] union Emp[25] union Emp[26] union Emp[27] union Emp[28] union Emp[29] union Emp[30] union Emp[31] union Emp[32] union Emp[33] union Emp[34] union Emp[35] union Emp[36] union Emp[37] union Emp[38] union Emp[39] union Emp[40] union Emp[41] union Emp[42] union Emp[43] union Emp[44] union Emp[45] union Emp[46] union Emp[47] union Emp[48] union Emp[49] union Emp[50]) where hire_date < 1980-01-0;461.04;4.6598211983E8
55;(Emp[1] union Emp[2] union Emp[3] union Emp[4] union Emp[5] union Emp[6] union Emp[7] union Emp[8] union Emp[9] union Emp[10] union Emp[11] union Emp[12] union Emp[13] union Emp[14] union Emp[15] union Emp[16] union Emp[17] union Emp[18] union Emp[19] union Emp[20] union Emp[21] union Emp[22] union Emp[23] union Emp[24] union Emp[25] union Emp[26] union Emp[27] union Emp[28] union Emp[29] union Emp[30] union Emp[31] union Emp[32] union Emp[33] union Emp[34] union Emp[35] union Emp[36] union Emp[37] union Emp[38] union Emp[39] union Emp[40] union Emp[41] union Emp[42] union Emp[43] union Emp[44] union Emp[45] union Emp[46] union Emp[47] union Emp[48] union Emp[49] union Emp[50]) where hire_date < 1980-01-01 and sal > 50;459.59;4.6478680238E8
56;(Emp[1] union Emp[2] union Emp[3] union Emp[4] union Emp[5] union Emp[6] union Emp[7] union Emp[8] union Emp[9] union Emp[10] union Emp[11] union Emp[12] union Emp[13] union Emp[14] union Emp[15] union Emp[16] union Emp[17] union Emp[18] union Emp[19] union Emp[20] union Emp[21] union Emp[22] union Emp[23] union Emp[24] union Emp[25] union Emp[26] union Emp[27] union Emp[28] union Emp[29] union Emp[30] union Emp[31] union Emp[32] union Emp[33] union Emp[34] union Emp[35] union Emp[36] union Emp[37] union Emp[38] union Emp[39] union Emp[40] union Emp[41] union Emp[42] union Emp[43] union Emp[44] union Emp[45] union Emp[46] union Emp[47] union Emp[48] union Emp[49] union Emp[50]) where hire_date < 1980-01-01 and sal > 500 and position = "tester;461.37;4.6666535205E8
57;(Emp[1] union Emp[2] union Emp[3] union Emp[4] union Emp[5] union Emp[6] union Emp[7] union Emp[8] union Emp[9] union Emp[10] union Emp[11] union Emp[12] union Emp[13] union Emp[14] union Emp[15] union Emp[16] union Emp[17] union Emp[18] union Emp[19] union Emp[20] union Emp[21] union Emp[22] union Emp[23] union Emp[24] union Emp[25] union Emp[26] union Emp[27] union Emp[28] union Emp[29] union Emp[30] union Emp[31] union Emp[32] union Emp[33] union Emp[34] union Emp[35] union Emp[36] union Emp[37] union Emp[38] union Emp[39] union Emp[40] union Emp[41] union Emp[42] union Emp[43] union Emp[44] union Emp[45] union Emp[46] union Emp[47] union Emp[48] union Emp[49] union Emp[50]) where hire_date < 1980-01-01 and sal > 500 and position = "tester" and sex = "male;462.91;4.6826144407E8
58;(Emp[1] union Emp[2] union Emp[3] union Emp[4] union Emp[5] union Emp[6] union Emp[7] union Emp[8] union Emp[9] union Emp[10] union Emp[11] union Emp[12] union Emp[13] union Emp[14] union Emp[15] union Emp[16] union Emp[17] union Emp[18] union Emp[19] union Emp[20] union Emp[21] union Emp[22] union Emp[23] union Emp[24] union Emp[25] union Emp[26] union Emp[27] union Emp[28] union Emp[29] union Emp[30] union Emp[31] union Emp[32] union Emp[33] union Emp[34] union Emp[35] union Emp[36] union Emp[37] union Emp[38] union Emp[39] union Emp[40] union Emp[41] union Emp[42] union Emp[43] union Emp[44] union Emp[45] union Emp[46] union Emp[47] union Emp[48] union Emp[49] union Emp[50]) where hire_date < 1980-01-01 and sal > 500 and position = "tester" and sex = "male" and lname = "Acosta;462.51;4.6796419084E8
59;(Emp[1] union Emp[2] union Emp[3] union Emp[4] union Emp[5] union Emp[6] union Emp[7] union Emp[8] union Emp[9] union Emp[10] union Emp[11] union Emp[12] union Emp[13] union Emp[14] union Emp[15] union Emp[16] union Emp[17] union Emp[18] union Emp[19] union Emp[20] union Emp[21] union Emp[22] union Emp[23] union Emp[24] union Emp[25] union Emp[26] union Emp[27] union Emp[28] union Emp[29] union Emp[30] union Emp[31] union Emp[32] union Emp[33] union Emp[34] union Emp[35] union Emp[36] union Emp[37] union Emp[38] union Emp[39] union Emp[40] union Emp[41] union Emp[42] union Emp[43] union Emp[44] union Emp[45] union Emp[46] union Emp[47] union Emp[48] union Emp[49] union Emp[50]) where hire_date < 1980-01-01 and sal > 500 and position = "tester" and sex = "male" and lname = "Acosta" and fName = "Clayton;461.98;4.6758383782E8
60;(Emp[1] union Emp[2] union Emp[3] union Emp[4] union Emp[5] union Emp[6] union Emp[7] union Emp[8] union Emp[9] union Emp[10] union Emp[11] union Emp[12] union Emp[13] union Emp[14] union Emp[15] union Emp[16] union Emp[17] union Emp[18] union Emp[19] union Emp[20] union Emp[21] union Emp[22] union Emp[23] union Emp[24] union Emp[25] union Emp[26] union Emp[27] union Emp[28] union Emp[29] union Emp[30] union Emp[31] union Emp[32] union Emp[33] union Emp[34] union Emp[35] union Emp[36] union Emp[37] union Emp[38] union Emp[39] union Emp[40] union Emp[41] union Emp[42] union Emp[43] union Emp[44] union Emp[45] union Emp[46] union Emp[47] union Emp[48] union Emp[49] union Emp[50] union Emp[51] union Emp[52] union Emp[53] union Emp[54] union Emp[55]) where hire_date < 1980-01-0;507.6;5.1283042135E8
61;(Emp[1] union Emp[2] union Emp[3] union Emp[4] union Emp[5] union Emp[6] union Emp[7] union Emp[8] union Emp[9] union Emp[10] union Emp[11] union Emp[12] union Emp[13] union Emp[14] union Emp[15] union Emp[16] union Emp[17] union Emp[18] union Emp[19] union Emp[20] union Emp[21] union Emp[22] union Emp[23] union Emp[24] union Emp[25] union Emp[26] union Emp[27] union Emp[28] union Emp[29] union Emp[30] union Emp[31] union Emp[32] union Emp[33] union Emp[34] union Emp[35] union Emp[36] union Emp[37] union Emp[38] union Emp[39] union Emp[40] union Emp[41] union Emp[42] union Emp[43] union Emp[44] union Emp[45] union Emp[46] union Emp[47] union Emp[48] union Emp[49] union Emp[50] union Emp[51] union Emp[52] union Emp[53] union Emp[54] union Emp[55]) where hire_date < 1980-01-01 and sal > 50;505.75;5.1119985999E8
62;(Emp[1] union Emp[2] union Emp[3] union Emp[4] union Emp[5] union Emp[6] union Emp[7] union Emp[8] union Emp[9] union Emp[10] union Emp[11] union Emp[12] union Emp[13] union Emp[14] union Emp[15] union Emp[16] union Emp[17] union Emp[18] union Emp[19] union Emp[20] union Emp[21] union Emp[22] union Emp[23] union Emp[24] union Emp[25] union Emp[26] union Emp[27] union Emp[28] union Emp[29] union Emp[30] union Emp[31] union Emp[32] union Emp[33] union Emp[34] union Emp[35] union Emp[36] union Emp[37] union Emp[38] union Emp[39] union Emp[40] union Emp[41] union Emp[42] union Emp[43] union Emp[44] union Emp[45] union Emp[46] union Emp[47] union Emp[48] union Emp[49] union Emp[50] union Emp[51] union Emp[52] union Emp[53] union Emp[54] union Emp[55]) where hire_date < 1980-01-01 and sal > 500 and position = "tester;507.1;5.1263176124E8
63;(Emp[1] union Emp[2] union Emp[3] union Emp[4] union Emp[5] union Emp[6] union Emp[7] union Emp[8] union Emp[9] union Emp[10] union Emp[11] union Emp[12] union Emp[13] union Emp[14] union Emp[15] union Emp[16] union Emp[17] union Emp[18] union Emp[19] union Emp[20] union Emp[21] union Emp[22] union Emp[23] union Emp[24] union Emp[25] union Emp[26] union Emp[27] union Emp[28] union Emp[29] union Emp[30] union Emp[31] union Emp[32] union Emp[33] union Emp[34] union Emp[35] union Emp[36] union Emp[37] union Emp[38] union Emp[39] union Emp[40] union Emp[41] union Emp[42] union Emp[43] union Emp[44] union Emp[45] union Emp[46] union Emp[47] union Emp[48] union Emp[49] union Emp[50] union Emp[51] union Emp[52] union Emp[53] union Emp[54] union Emp[55]) where hire_date < 1980-01-01 and sal > 500 and position = "tester" and sex = "male;506.12;5.1181582665E8
64;(Emp[1] union Emp[2] union Emp[3] union Emp[4] union Emp[5] union Emp[6] union Emp[7] union Emp[8] union Emp[9] union Emp[10] union Emp[11] union Emp[12] union Emp[13] union Emp[14] union Emp[15] union Emp[16] union Emp[17] union Emp[18] union Emp[19] union Emp[20] union Emp[21] union Emp[22] union Emp[23] union Emp[24] union Emp[25] union Emp[26] union Emp[27] union Emp[28] union Emp[29] union Emp[30] union Emp[31] union Emp[32] union Emp[33] union Emp[34] union Emp[35] union Emp[36] union Emp[37] union Emp[38] union Emp[39] union Emp[40] union Emp[41] union Emp[42] union Emp[43] union Emp[44] union Emp[45] union Emp[46] union Emp[47] union Emp[48] union Emp[49] union Emp[50] union Emp[51] union Emp[52] union Emp[53] union Emp[54] union Emp[55]) where hire_date < 1980-01-01 and sal > 500 and position = "tester" and sex = "male" and lname = "Acosta;507.42;5.1322296991E8
65;(Emp[1] union Emp[2] union Emp[3] union Emp[4] union Emp[5] union Emp[6] union Emp[7] union Emp[8] union Emp[9] union Emp[10] union Emp[11] union Emp[12] union Emp[13] union Emp[14] union Emp[15] union Emp[16] union Emp[17] union Emp[18] union Emp[19] union Emp[20] union Emp[21] union Emp[22] union Emp[23] union Emp[24] union Emp[25] union Emp[26] union Emp[27] union Emp[28] union Emp[29] union Emp[30] union Emp[31] union Emp[32] union Emp[33] union Emp[34] union Emp[35] union Emp[36] union Emp[37] union Emp[38] union Emp[39] union Emp[40] union Emp[41] union Emp[42] union Emp[43] union Emp[44] union Emp[45] union Emp[46] union Emp[47] union Emp[48] union Emp[49] union Emp[50] union Emp[51] union Emp[52] union Emp[53] union Emp[54] union Emp[55]) where hire_date < 1980-01-01 and sal > 500 and position = "tester" and sex = "male" and lname = "Acosta" and fName = "Clayton;510.03;5.1584895827E8
66;(Emp[1] union Emp[2] union Emp[3] union Emp[4] union Emp[5] union Emp[6] union Emp[7] union Emp[8] union Emp[9] union Emp[10] union Emp[11] union Emp[12] union Emp[13] union Emp[14] union Emp[15] union Emp[16] union Emp[17] union Emp[18] union Emp[19] union Emp[20] union Emp[21] union Emp[22] union Emp[23] union Emp[24] union Emp[25] union Emp[26] union Emp[27] union Emp[28] union Emp[29] union Emp[30] union Emp[31] union Emp[32] union Emp[33] union Emp[34] union Emp[35] union Emp[36] union Emp[37] union Emp[38] union Emp[39] union Emp[40] union Emp[41] union Emp[42] union Emp[43] union Emp[44] union Emp[45] union Emp[46] union Emp[47] union Emp[48] union Emp[49] union Emp[50] union Emp[51] union Emp[52] union Emp[53] union Emp[54] union Emp[55] union Emp[56] union Emp[57] union Emp[58] union Emp[59] union Emp[60]) where hire_date < 1980-01-0;551.26;5.5681984102E8
67;(Emp[1] union Emp[2] union Emp[3] union Emp[4] union Emp[5] union Emp[6] union Emp[7] union Emp[8] union Emp[9] union Emp[10] union Emp[11] union Emp[12] union Emp[13] union Emp[14] union Emp[15] union Emp[16] union Emp[17] union Emp[18] union Emp[19] union Emp[20] union Emp[21] union Emp[22] union Emp[23] union Emp[24] union Emp[25] union Emp[26] union Emp[27] union Emp[28] union Emp[29] union Emp[30] union Emp[31] union Emp[32] union Emp[33] union Emp[34] union Emp[35] union Emp[36] union Emp[37] union Emp[38] union Emp[39] union Emp[40] union Emp[41] union Emp[42] union Emp[43] union Emp[44] union Emp[45] union Emp[46] union Emp[47] union Emp[48] union Emp[49] union Emp[50] union Emp[51] union Emp[52] union Emp[53] union Emp[54] union Emp[55] union Emp[56] union Emp[57] union Emp[58] union Emp[59] union Emp[60]) where hire_date < 1980-01-01 and sal > 50;554.44;5.6017644557E8
68;(Emp[1] union Emp[2] union Emp[3] union Emp[4] union Emp[5] union Emp[6] union Emp[7] union Emp[8] union Emp[9] union Emp[10] union Emp[11] union Emp[12] union Emp[13] union Emp[14] union Emp[15] union Emp[16] union Emp[17] union Emp[18] union Emp[19] union Emp[20] union Emp[21] union Emp[22] union Emp[23] union Emp[24] union Emp[25] union Emp[26] union Emp[27] union Emp[28] union Emp[29] union Emp[30] union Emp[31] union Emp[32] union Emp[33] union Emp[34] union Emp[35] union Emp[36] union Emp[37] union Emp[38] union Emp[39] union Emp[40] union Emp[41] union Emp[42] union Emp[43] union Emp[44] union Emp[45] union Emp[46] union Emp[47] union Emp[48] union Emp[49] union Emp[50] union Emp[51] union Emp[52] union Emp[53] union Emp[54] union Emp[55] union Emp[56] union Emp[57] union Emp[58] union Emp[59] union Emp[60]) where hire_date < 1980-01-01 and sal > 500 and position = "tester;552.59;5.5849473369E8
69;(Emp[1] union Emp[2] union Emp[3] union Emp[4] union Emp[5] union Emp[6] union Emp[7] union Emp[8] union Emp[9] union Emp[10] union Emp[11] union Emp[12] union Emp[13] union Emp[14] union Emp[15] union Emp[16] union Emp[17] union Emp[18] union Emp[19] union Emp[20] union Emp[21] union Emp[22] union Emp[23] union Emp[24] union Emp[25] union Emp[26] union Emp[27] union Emp[28] union Emp[29] union Emp[30] union Emp[31] union Emp[32] union Emp[33] union Emp[34] union Emp[35] union Emp[36] union Emp[37] union Emp[38] union Emp[39] union Emp[40] union Emp[41] union Emp[42] union Emp[43] union Emp[44] union Emp[45] union Emp[46] union Emp[47] union Emp[48] union Emp[49] union Emp[50] union Emp[51] union Emp[52] union Emp[53] union Emp[54] union Emp[55] union Emp[56] union Emp[57] union Emp[58] union Emp[59] union Emp[60]) where hire_date < 1980-01-01 and sal > 500 and position = "tester" and sex = "male;552.77;5.5872206901E8
70;(Emp[1] union Emp[2] union Emp[3] union Emp[4] union Emp[5] union Emp[6] union Emp[7] union Emp[8] union Emp[9] union Emp[10] union Emp[11] union Emp[12] union Emp[13] union Emp[14] union Emp[15] union Emp[16] union Emp[17] union Emp[18] union Emp[19] union Emp[20] union Emp[21] union Emp[22] union Emp[23] union Emp[24] union Emp[25] union Emp[26] union Emp[27] union Emp[28] union Emp[29] union Emp[30] union Emp[31] union Emp[32] union Emp[33] union Emp[34] union Emp[35] union Emp[36] union Emp[37] union Emp[38] union Emp[39] union Emp[40] union Emp[41] union Emp[42] union Emp[43] union Emp[44] union Emp[45] union Emp[46] union Emp[47] union Emp[48] union Emp[49] union Emp[50] union Emp[51] union Emp[52] union Emp[53] union Emp[54] union Emp[55] union Emp[56] union Emp[57] union Emp[58] union Emp[59] union Emp[60]) where hire_date < 1980-01-01 and sal > 500 and position = "tester" and sex = "male" and lname = "Acosta;552.29;5.5839756629E8
71;(Emp[1] union Emp[2] union Emp[3] union Emp[4] union Emp[5] union Emp[6] union Emp[7] union Emp[8] union Emp[9] union Emp[10] union Emp[11] union Emp[12] union Emp[13] union Emp[14] union Emp[15] union Emp[16] union Emp[17] union Emp[18] union Emp[19] union Emp[20] union Emp[21] union Emp[22] union Emp[23] union Emp[24] union Emp[25] union Emp[26] union Emp[27] union Emp[28] union Emp[29] union Emp[30] union Emp[31] union Emp[32] union Emp[33] union Emp[34] union Emp[35] union Emp[36] union Emp[37] union Emp[38] union Emp[39] union Emp[40] union Emp[41] union Emp[42] union Emp[43] union Emp[44] union Emp[45] union Emp[46] union Emp[47] union Emp[48] union Emp[49] union Emp[50] union Emp[51] union Emp[52] union Emp[53] union Emp[54] union Emp[55] union Emp[56] union Emp[57] union Emp[58] union Emp[59] union Emp[60]) where hire_date < 1980-01-01 and sal > 500 and position = "tester" and sex = "male" and lname = "Acosta" and fName = "Clayton;554.01;5.601228162E8
72;(Emp[1] union Emp[2] union Emp[3] union Emp[4] union Emp[5] union Emp[6] union Emp[7] union Emp[8] union Emp[9] union Emp[10] union Emp[11] union Emp[12] union Emp[13] union Emp[14] union Emp[15] union Emp[16] union Emp[17] union Emp[18] union Emp[19] union Emp[20] union Emp[21] union Emp[22] union Emp[23] union Emp[24] union Emp[25] union Emp[26] union Emp[27] union Emp[28] union Emp[29] union Emp[30] union Emp[31] union Emp[32] union Emp[33] union Emp[34] union Emp[35] union Emp[36] union Emp[37] union Emp[38] union Emp[39] union Emp[40] union Emp[41] union Emp[42] union Emp[43] union Emp[44] union Emp[45] union Emp[46] union Emp[47] union Emp[48] union Emp[49] union Emp[50] union Emp[51] union Emp[52] union Emp[53] union Emp[54] union Emp[55] union Emp[56] union Emp[57] union Emp[58] union Emp[59] union Emp[60] union Emp[61] union Emp[62] union Emp[63] union Emp[64] union Emp[65]) where hire_date < 1980-01-0;597.59;6.0341054533E8
73;(Emp[1] union Emp[2] union Emp[3] union Emp[4] union Emp[5] union Emp[6] union Emp[7] union Emp[8] union Emp[9] union Emp[10] union Emp[11] union Emp[12] union Emp[13] union Emp[14] union Emp[15] union Emp[16] union Emp[17] union Emp[18] union Emp[19] union Emp[20] union Emp[21] union Emp[22] union Emp[23] union Emp[24] union Emp[25] union Emp[26] union Emp[27] union Emp[28] union Emp[29] union Emp[30] union Emp[31] union Emp[32] union Emp[33] union Emp[34] union Emp[35] union Emp[36] union Emp[37] union Emp[38] union Emp[39] union Emp[40] union Emp[41] union Emp[42] union Emp[43] union Emp[44] union Emp[45] union Emp[46] union Emp[47] union Emp[48] union Emp[49] union Emp[50] union Emp[51] union Emp[52] union Emp[53] union Emp[54] union Emp[55] union Emp[56] union Emp[57] union Emp[58] union Emp[59] union Emp[60] union Emp[61] union Emp[62] union Emp[63] union Emp[64] union Emp[65]) where hire_date < 1980-01-01 and sal > 50;598.28;6.0437048772E8
74;(Emp[1] union Emp[2] union Emp[3] union Emp[4] union Emp[5] union Emp[6] union Emp[7] union Emp[8] union Emp[9] union Emp[10] union Emp[11] union Emp[12] union Emp[13] union Emp[14] union Emp[15] union Emp[16] union Emp[17] union Emp[18] union Emp[19] union Emp[20] union Emp[21] union Emp[22] union Emp[23] union Emp[24] union Emp[25] union Emp[26] union Emp[27] union Emp[28] union Emp[29] union Emp[30] union Emp[31] union Emp[32] union Emp[33] union Emp[34] union Emp[35] union Emp[36] union Emp[37] union Emp[38] union Emp[39] union Emp[40] union Emp[41] union Emp[42] union Emp[43] union Emp[44] union Emp[45] union Emp[46] union Emp[47] union Emp[48] union Emp[49] union Emp[50] union Emp[51] union Emp[52] union Emp[53] union Emp[54] union Emp[55] union Emp[56] union Emp[57] union Emp[58] union Emp[59] union Emp[60] union Emp[61] union Emp[62] union Emp[63] union Emp[64] union Emp[65]) where hire_date < 1980-01-01 and sal > 500 and position = "tester;600.34;6.0650445906E8
75;(Emp[1] union Emp[2] union Emp[3] union Emp[4] union Emp[5] union Emp[6] union Emp[7] union Emp[8] union Emp[9] union Emp[10] union Emp[11] union Emp[12] union Emp[13] union Emp[14] union Emp[15] union Emp[16] union Emp[17] union Emp[18] union Emp[19] union Emp[20] union Emp[21] union Emp[22] union Emp[23] union Emp[24] union Emp[25] union Emp[26] union Emp[27] union Emp[28] union Emp[29] union Emp[30] union Emp[31] union Emp[32] union Emp[33] union Emp[34] union Emp[35] union Emp[36] union Emp[37] union Emp[38] union Emp[39] union Emp[40] union Emp[41] union Emp[42] union Emp[43] union Emp[44] union Emp[45] union Emp[46] union Emp[47] union Emp[48] union Emp[49] union Emp[50] union Emp[51] union Emp[52] union Emp[53] union Emp[54] union Emp[55] union Emp[56] union Emp[57] union Emp[58] union Emp[59] union Emp[60] union Emp[61] union Emp[62] union Emp[63] union Emp[64] union Emp[65]) where hire_date < 1980-01-01 and sal > 500 and position = "tester" and sex = "male;598.98;6.0525335785E8
76;(Emp[1] union Emp[2] union Emp[3] union Emp[4] union Emp[5] union Emp[6] union Emp[7] union Emp[8] union Emp[9] union Emp[10] union Emp[11] union Emp[12] union Emp[13] union Emp[14] union Emp[15] union Emp[16] union Emp[17] union Emp[18] union Emp[19] union Emp[20] union Emp[21] union Emp[22] union Emp[23] union Emp[24] union Emp[25] union Emp[26] union Emp[27] union Emp[28] union Emp[29] union Emp[30] union Emp[31] union Emp[32] union Emp[33] union Emp[34] union Emp[35] union Emp[36] union Emp[37] union Emp[38] union Emp[39] union Emp[40] union Emp[41] union Emp[42] union Emp[43] union Emp[44] union Emp[45] union Emp[46] union Emp[47] union Emp[48] union Emp[49] union Emp[50] union Emp[51] union Emp[52] union Emp[53] union Emp[54] union Emp[55] union Emp[56] union Emp[57] union Emp[58] union Emp[59] union Emp[60] union Emp[61] union Emp[62] union Emp[63] union Emp[64] union Emp[65]) where hire_date < 1980-01-01 and sal > 500 and position = "tester" and sex = "male" and lname = "Acosta;598.9;6.0531476033E8
77;(Emp[1] union Emp[2] union Emp[3] union Emp[4] union Emp[5] union Emp[6] union Emp[7] union Emp[8] union Emp[9] union Emp[10] union Emp[11] union Emp[12] union Emp[13] union Emp[14] union Emp[15] union Emp[16] union Emp[17] union Emp[18] union Emp[19] union Emp[20] union Emp[21] union Emp[22] union Emp[23] union Emp[24] union Emp[25] union Emp[26] union Emp[27] union Emp[28] union Emp[29] union Emp[30] union Emp[31] union Emp[32] union Emp[33] union Emp[34] union Emp[35] union Emp[36] union Emp[37] union Emp[38] union Emp[39] union Emp[40] union Emp[41] union Emp[42] union Emp[43] union Emp[44] union Emp[45] union Emp[46] union Emp[47] union Emp[48] union Emp[49] union Emp[50] union Emp[51] union Emp[52] union Emp[53] union Emp[54] union Emp[55] union Emp[56] union Emp[57] union Emp[58] union Emp[59] union Emp[60] union Emp[61] union Emp[62] union Emp[63] union Emp[64] union Emp[65]) where hire_date < 1980-01-01 and sal > 500 and position = "tester" and sex = "male" and lname = "Acosta" and fName = "Clayton;599.67;6.0605869193E8
78;(Emp[1] union Emp[2] union Emp[3] union Emp[4] union Emp[5] union Emp[6] union Emp[7] union Emp[8] union Emp[9] union Emp[10] union Emp[11] union Emp[12] union Emp[13] union Emp[14] union Emp[15] union Emp[16] union Emp[17] union Emp[18] union Emp[19] union Emp[20] union Emp[21] union Emp[22] union Emp[23] union Emp[24] union Emp[25] union Emp[26] union Emp[27] union Emp[28] union Emp[29] union Emp[30] union Emp[31] union Emp[32] union Emp[33] union Emp[34] union Emp[35] union Emp[36] union Emp[37] union Emp[38] union Emp[39] union Emp[40] union Emp[41] union Emp[42] union Emp[43] union Emp[44] union Emp[45] union Emp[46] union Emp[47] union Emp[48] union Emp[49] union Emp[50] union Emp[51] union Emp[52] union Emp[53] union Emp[54] union Emp[55] union Emp[56] union Emp[57] union Emp[58] union Emp[59] union Emp[60] union Emp[61] union Emp[62] union Emp[63] union Emp[64] union Emp[65] union Emp[66] union Emp[67] union Emp[68] union Emp[69] union Emp[70]) where hire_date < 1980-01-0;645.73;6.5186451692E8
79;(Emp[1] union Emp[2] union Emp[3] union Emp[4] union Emp[5] union Emp[6] union Emp[7] union Emp[8] union Emp[9] union Emp[10] union Emp[11] union Emp[12] union Emp[13] union Emp[14] union Emp[15] union Emp[16] union Emp[17] union Emp[18] union Emp[19] union Emp[20] union Emp[21] union Emp[22] union Emp[23] union Emp[24] union Emp[25] union Emp[26] union Emp[27] union Emp[28] union Emp[29] union Emp[30] union Emp[31] union Emp[32] union Emp[33] union Emp[34] union Emp[35] union Emp[36] union Emp[37] union Emp[38] union Emp[39] union Emp[40] union Emp[41] union Emp[42] union Emp[43] union Emp[44] union Emp[45] union Emp[46] union Emp[47] union Emp[48] union Emp[49] union Emp[50] union Emp[51] union Emp[52] union Emp[53] union Emp[54] union Emp[55] union Emp[56] union Emp[57] union Emp[58] union Emp[59] union Emp[60] union Emp[61] union Emp[62] union Emp[63] union Emp[64] union Emp[65] union Emp[66] union Emp[67] union Emp[68] union Emp[69] union Emp[70]) where hire_date < 1980-01-01 and sal > 50;642.68;6.4908060176E8
80;(Emp[1] union Emp[2] union Emp[3] union Emp[4] union Emp[5] union Emp[6] union Emp[7] union Emp[8] union Emp[9] union Emp[10] union Emp[11] union Emp[12] union Emp[13] union Emp[14] union Emp[15] union Emp[16] union Emp[17] union Emp[18] union Emp[19] union Emp[20] union Emp[21] union Emp[22] union Emp[23] union Emp[24] union Emp[25] union Emp[26] union Emp[27] union Emp[28] union Emp[29] union Emp[30] union Emp[31] union Emp[32] union Emp[33] union Emp[34] union Emp[35] union Emp[36] union Emp[37] union Emp[38] union Emp[39] union Emp[40] union Emp[41] union Emp[42] union Emp[43] union Emp[44] union Emp[45] union Emp[46] union Emp[47] union Emp[48] union Emp[49] union Emp[50] union Emp[51] union Emp[52] union Emp[53] union Emp[54] union Emp[55] union Emp[56] union Emp[57] union Emp[58] union Emp[59] union Emp[60] union Emp[61] union Emp[62] union Emp[63] union Emp[64] union Emp[65] union Emp[66] union Emp[67] union Emp[68] union Emp[69] union Emp[70]) where hire_date < 1980-01-01 and sal > 500 and position = "tester;643.3;6.4978445868E8
81;(Emp[1] union Emp[2] union Emp[3] union Emp[4] union Emp[5] union Emp[6] union Emp[7] union Emp[8] union Emp[9] union Emp[10] union Emp[11] union Emp[12] union Emp[13] union Emp[14] union Emp[15] union Emp[16] union Emp[17] union Emp[18] union Emp[19] union Emp[20] union Emp[21] union Emp[22] union Emp[23] union Emp[24] union Emp[25] union Emp[26] union Emp[27] union Emp[28] union Emp[29] union Emp[30] union Emp[31] union Emp[32] union Emp[33] union Emp[34] union Emp[35] union Emp[36] union Emp[37] union Emp[38] union Emp[39] union Emp[40] union Emp[41] union Emp[42] union Emp[43] union Emp[44] union Emp[45] union Emp[46] union Emp[47] union Emp[48] union Emp[49] union Emp[50] union Emp[51] union Emp[52] union Emp[53] union Emp[54] union Emp[55] union Emp[56] union Emp[57] union Emp[58] union Emp[59] union Emp[60] union Emp[61] union Emp[62] union Emp[63] union Emp[64] union Emp[65] union Emp[66] union Emp[67] union Emp[68] union Emp[69] union Emp[70]) where hire_date < 1980-01-01 and sal > 500 and position = "tester" and sex = "male;643.83;6.5038716541E8
82;(Emp[1] union Emp[2] union Emp[3] union Emp[4] union Emp[5] union Emp[6] union Emp[7] union Emp[8] union Emp[9] union Emp[10] union Emp[11] union Emp[12] union Emp[13] union Emp[14] union Emp[15] union Emp[16] union Emp[17] union Emp[18] union Emp[19] union Emp[20] union Emp[21] union Emp[22] union Emp[23] union Emp[24] union Emp[25] union Emp[26] union Emp[27] union Emp[28] union Emp[29] union Emp[30] union Emp[31] union Emp[32] union Emp[33] union Emp[34] union Emp[35] union Emp[36] union Emp[37] union Emp[38] union Emp[39] union Emp[40] union Emp[41] union Emp[42] union Emp[43] union Emp[44] union Emp[45] union Emp[46] union Emp[47] union Emp[48] union Emp[49] union Emp[50] union Emp[51] union Emp[52] union Emp[53] union Emp[54] union Emp[55] union Emp[56] union Emp[57] union Emp[58] union Emp[59] union Emp[60] union Emp[61] union Emp[62] union Emp[63] union Emp[64] union Emp[65] union Emp[66] union Emp[67] union Emp[68] union Emp[69] union Emp[70]) where hire_date < 1980-01-01 and sal > 500 and position = "tester" and sex = "male" and lname = "Acosta;643.06;6.4972195339E8
83;(Emp[1] union Emp[2] union Emp[3] union Emp[4] union Emp[5] union Emp[6] union Emp[7] union Emp[8] union Emp[9] union Emp[10] union Emp[11] union Emp[12] union Emp[13] union Emp[14] union Emp[15] union Emp[16] union Emp[17] union Emp[18] union Emp[19] union Emp[20] union Emp[21] union Emp[22] union Emp[23] union Emp[24] union Emp[25] union Emp[26] union Emp[27] union Emp[28] union Emp[29] union Emp[30] union Emp[31] union Emp[32] union Emp[33] union Emp[34] union Emp[35] union Emp[36] union Emp[37] union Emp[38] union Emp[39] union Emp[40] union Emp[41] union Emp[42] union Emp[43] union Emp[44] union Emp[45] union Emp[46] union Emp[47] union Emp[48] union Emp[49] union Emp[50] union Emp[51] union Emp[52] union Emp[53] union Emp[54] union Emp[55] union Emp[56] union Emp[57] union Emp[58] union Emp[59] union Emp[60] union Emp[61] union Emp[62] union Emp[63] union Emp[64] union Emp[65] union Emp[66] union Emp[67] union Emp[68] union Emp[69] union Emp[70]) where hire_date < 1980-01-01 and sal > 500 and position = "tester" and sex = "male" and lname = "Acosta" and fName = "Clayton;643.12;6.4988713169E8
84;(Emp[1] union Emp[2] union Emp[3] union Emp[4] union Emp[5] union Emp[6] union Emp[7] union Emp[8] union Emp[9] union Emp[10] union Emp[11] union Emp[12] union Emp[13] union Emp[14] union Emp[15] union Emp[16] union Emp[17] union Emp[18] union Emp[19] union Emp[20] union Emp[21] union Emp[22] union Emp[23] union Emp[24] union Emp[25] union Emp[26] union Emp[27] union Emp[28] union Emp[29] union Emp[30] union Emp[31] union Emp[32] union Emp[33] union Emp[34] union Emp[35] union Emp[36] union Emp[37] union Emp[38] union Emp[39] union Emp[40] union Emp[41] union Emp[42] union Emp[43] union Emp[44] union Emp[45] union Emp[46] union Emp[47] union Emp[48] union Emp[49] union Emp[50] union Emp[51] union Emp[52] union Emp[53] union Emp[54] union Emp[55] union Emp[56] union Emp[57] union Emp[58] union Emp[59] union Emp[60] union Emp[61] union Emp[62] union Emp[63] union Emp[64] union Emp[65] union Emp[66] union Emp[67] union Emp[68] union Emp[69] union Emp[70] union Emp[71] union Emp[72] union Emp[73] union Emp[74] union Emp[75]) where hire_date < 1980-01-0;690.47;6.9712572051E8
85;(Emp[1] union Emp[2] union Emp[3] union Emp[4] union Emp[5] union Emp[6] union Emp[7] union Emp[8] union Emp[9] union Emp[10] union Emp[11] union Emp[12] union Emp[13] union Emp[14] union Emp[15] union Emp[16] union Emp[17] union Emp[18] union Emp[19] union Emp[20] union Emp[21] union Emp[22] union Emp[23] union Emp[24] union Emp[25] union Emp[26] union Emp[27] union Emp[28] union Emp[29] union Emp[30] union Emp[31] union Emp[32] union Emp[33] union Emp[34] union Emp[35] union Emp[36] union Emp[37] union Emp[38] union Emp[39] union Emp[40] union Emp[41] union Emp[42] union Emp[43] union Emp[44] union Emp[45] union Emp[46] union Emp[47] union Emp[48] union Emp[49] union Emp[50] union Emp[51] union Emp[52] union Emp[53] union Emp[54] union Emp[55] union Emp[56] union Emp[57] union Emp[58] union Emp[59] union Emp[60] union Emp[61] union Emp[62] union Emp[63] union Emp[64] union Emp[65] union Emp[66] union Emp[67] union Emp[68] union Emp[69] union Emp[70] union Emp[71] union Emp[72] union Emp[73] union Emp[74] union Emp[75]) where hire_date < 1980-01-01 and sal > 50;689.08;6.9584569547E8
86;(Emp[1] union Emp[2] union Emp[3] union Emp[4] union Emp[5] union Emp[6] union Emp[7] union Emp[8] union Emp[9] union Emp[10] union Emp[11] union Emp[12] union Emp[13] union Emp[14] union Emp[15] union Emp[16] union Emp[17] union Emp[18] union Emp[19] union Emp[20] union Emp[21] union Emp[22] union Emp[23] union Emp[24] union Emp[25] union Emp[26] union Emp[27] union Emp[28] union Emp[29] union Emp[30] union Emp[31] union Emp[32] union Emp[33] union Emp[34] union Emp[35] union Emp[36] union Emp[37] union Emp[38] union Emp[39] union Emp[40] union Emp[41] union Emp[42] union Emp[43] union Emp[44] union Emp[45] union Emp[46] union Emp[47] union Emp[48] union Emp[49] union Emp[50] union Emp[51] union Emp[52] union Emp[53] union Emp[54] union Emp[55] union Emp[56] union Emp[57] union Emp[58] union Emp[59] union Emp[60] union Emp[61] union Emp[62] union Emp[63] union Emp[64] union Emp[65] union Emp[66] union Emp[67] union Emp[68] union Emp[69] union Emp[70] union Emp[71] union Emp[72] union Emp[73] union Emp[74] union Emp[75]) where hire_date < 1980-01-01 and sal > 500 and position = "tester;695.2;7.02043524E8
87;(Emp[1] union Emp[2] union Emp[3] union Emp[4] union Emp[5] union Emp[6] union Emp[7] union Emp[8] union Emp[9] union Emp[10] union Emp[11] union Emp[12] union Emp[13] union Emp[14] union Emp[15] union Emp[16] union Emp[17] union Emp[18] union Emp[19] union Emp[20] union Emp[21] union Emp[22] union Emp[23] union Emp[24] union Emp[25] union Emp[26] union Emp[27] union Emp[28] union Emp[29] union Emp[30] union Emp[31] union Emp[32] union Emp[33] union Emp[34] union Emp[35] union Emp[36] union Emp[37] union Emp[38] union Emp[39] union Emp[40] union Emp[41] union Emp[42] union Emp[43] union Emp[44] union Emp[45] union Emp[46] union Emp[47] union Emp[48] union Emp[49] union Emp[50] union Emp[51] union Emp[52] union Emp[53] union Emp[54] union Emp[55] union Emp[56] union Emp[57] union Emp[58] union Emp[59] union Emp[60] union Emp[61] union Emp[62] union Emp[63] union Emp[64] union Emp[65] union Emp[66] union Emp[67] union Emp[68] union Emp[69] union Emp[70] union Emp[71] union Emp[72] union Emp[73] union Emp[74] union Emp[75]) where hire_date < 1980-01-01 and sal > 500 and position = "tester" and sex = "male;694.71;7.0164354627E8
88;(Emp[1] union Emp[2] union Emp[3] union Emp[4] union Emp[5] union Emp[6] union Emp[7] union Emp[8] union Emp[9] union Emp[10] union Emp[11] union Emp[12] union Emp[13] union Emp[14] union Emp[15] union Emp[16] union Emp[17] union Emp[18] union Emp[19] union Emp[20] union Emp[21] union Emp[22] union Emp[23] union Emp[24] union Emp[25] union Emp[26] union Emp[27] union Emp[28] union Emp[29] union Emp[30] union Emp[31] union Emp[32] union Emp[33] union Emp[34] union Emp[35] union Emp[36] union Emp[37] union Emp[38] union Emp[39] union Emp[40] union Emp[41] union Emp[42] union Emp[43] union Emp[44] union Emp[45] union Emp[46] union Emp[47] union Emp[48] union Emp[49] union Emp[50] union Emp[51] union Emp[52] union Emp[53] union Emp[54] union Emp[55] union Emp[56] union Emp[57] union Emp[58] union Emp[59] union Emp[60] union Emp[61] union Emp[62] union Emp[63] union Emp[64] union Emp[65] union Emp[66] union Emp[67] union Emp[68] union Emp[69] union Emp[70] union Emp[71] union Emp[72] union Emp[73] union Emp[74] union Emp[75]) where hire_date < 1980-01-01 and sal > 500 and position = "tester" and sex = "male" and lname = "Acosta;698.18;7.0517963874E8
89;(Emp[1] union Emp[2] union Emp[3] union Emp[4] union Emp[5] union Emp[6] union Emp[7] union Emp[8] union Emp[9] union Emp[10] union Emp[11] union Emp[12] union Emp[13] union Emp[14] union Emp[15] union Emp[16] union Emp[17] union Emp[18] union Emp[19] union Emp[20] union Emp[21] union Emp[22] union Emp[23] union Emp[24] union Emp[25] union Emp[26] union Emp[27] union Emp[28] union Emp[29] union Emp[30] union Emp[31] union Emp[32] union Emp[33] union Emp[34] union Emp[35] union Emp[36] union Emp[37] union Emp[38] union Emp[39] union Emp[40] union Emp[41] union Emp[42] union Emp[43] union Emp[44] union Emp[45] union Emp[46] union Emp[47] union Emp[48] union Emp[49] union Emp[50] union Emp[51] union Emp[52] union Emp[53] union Emp[54] union Emp[55] union Emp[56] union Emp[57] union Emp[58] union Emp[59] union Emp[60] union Emp[61] union Emp[62] union Emp[63] union Emp[64] union Emp[65] union Emp[66] union Emp[67] union Emp[68] union Emp[69] union Emp[70] union Emp[71] union Emp[72] union Emp[73] union Emp[74] union Emp[75]) where hire_date < 1980-01-01 and sal > 500 and position = "tester" and sex = "male" and lname = "Acosta" and fName = "Clayton;697.06;7.0414895769E8
90;(Emp[1] union Emp[2] union Emp[3] union Emp[4] union Emp[5] union Emp[6] union Emp[7] union Emp[8] union Emp[9] union Emp[10] union Emp[11] union Emp[12] union Emp[13] union Emp[14] union Emp[15] union Emp[16] union Emp[17] union Emp[18] union Emp[19] union Emp[20] union Emp[21] union Emp[22] union Emp[23] union Emp[24] union Emp[25] union Emp[26] union Emp[27] union Emp[28] union Emp[29] union Emp[30] union Emp[31] union Emp[32] union Emp[33] union Emp[34] union Emp[35] union Emp[36] union Emp[37] union Emp[38] union Emp[39] union Emp[40] union Emp[41] union Emp[42] union Emp[43] union Emp[44] union Emp[45] union Emp[46] union Emp[47] union Emp[48] union Emp[49] union Emp[50] union Emp[51] union Emp[52] union Emp[53] union Emp[54] union Emp[55] union Emp[56] union Emp[57] union Emp[58] union Emp[59] union Emp[60] union Emp[61] union Emp[62] union Emp[63] union Emp[64] union Emp[65] union Emp[66] union Emp[67] union Emp[68] union Emp[69] union Emp[70] union Emp[71] union Emp[72] union Emp[73] union Emp[74] union Emp[75] union Emp[76] union Emp[77] union Emp[78] union Emp[79] union Emp[80]) where hire_date < 1980-01-0;750.27;7.5716902201E8
91;(Emp[1] union Emp[2] union Emp[3] union Emp[4] union Emp[5] union Emp[6] union Emp[7] union Emp[8] union Emp[9] union Emp[10] union Emp[11] union Emp[12] union Emp[13] union Emp[14] union Emp[15] union Emp[16] union Emp[17] union Emp[18] union Emp[19] union Emp[20] union Emp[21] union Emp[22] union Emp[23] union Emp[24] union Emp[25] union Emp[26] union Emp[27] union Emp[28] union Emp[29] union Emp[30] union Emp[31] union Emp[32] union Emp[33] union Emp[34] union Emp[35] union Emp[36] union Emp[37] union Emp[38] union Emp[39] union Emp[40] union Emp[41] union Emp[42] union Emp[43] union Emp[44] union Emp[45] union Emp[46] union Emp[47] union Emp[48] union Emp[49] union Emp[50] union Emp[51] union Emp[52] union Emp[53] union Emp[54] union Emp[55] union Emp[56] union Emp[57] union Emp[58] union Emp[59] union Emp[60] union Emp[61] union Emp[62] union Emp[63] union Emp[64] union Emp[65] union Emp[66] union Emp[67] union Emp[68] union Emp[69] union Emp[70] union Emp[71] union Emp[72] union Emp[73] union Emp[74] union Emp[75] union Emp[76] union Emp[77] union Emp[78] union Emp[79] union Emp[80]) where hire_date < 1980-01-01 and sal > 50;746.95;7.5408146414E8
92;(Emp[1] union Emp[2] union Emp[3] union Emp[4] union Emp[5] union Emp[6] union Emp[7] union Emp[8] union Emp[9] union Emp[10] union Emp[11] union Emp[12] union Emp[13] union Emp[14] union Emp[15] union Emp[16] union Emp[17] union Emp[18] union Emp[19] union Emp[20] union Emp[21] union Emp[22] union Emp[23] union Emp[24] union Emp[25] union Emp[26] union Emp[27] union Emp[28] union Emp[29] union Emp[30] union Emp[31] union Emp[32] union Emp[33] union Emp[34] union Emp[35] union Emp[36] union Emp[37] union Emp[38] union Emp[39] union Emp[40] union Emp[41] union Emp[42] union Emp[43] union Emp[44] union Emp[45] union Emp[46] union Emp[47] union Emp[48] union Emp[49] union Emp[50] union Emp[51] union Emp[52] union Emp[53] union Emp[54] union Emp[55] union Emp[56] union Emp[57] union Emp[58] union Emp[59] union Emp[60] union Emp[61] union Emp[62] union Emp[63] union Emp[64] union Emp[65] union Emp[66] union Emp[67] union Emp[68] union Emp[69] union Emp[70] union Emp[71] union Emp[72] union Emp[73] union Emp[74] union Emp[75] union Emp[76] union Emp[77] union Emp[78] union Emp[79] union Emp[80]) where hire_date < 1980-01-01 and sal > 500 and position = "tester;750.93;7.5812357108E8
93;(Emp[1] union Emp[2] union Emp[3] union Emp[4] union Emp[5] union Emp[6] union Emp[7] union Emp[8] union Emp[9] union Emp[10] union Emp[11] union Emp[12] union Emp[13] union Emp[14] union Emp[15] union Emp[16] union Emp[17] union Emp[18] union Emp[19] union Emp[20] union Emp[21] union Emp[22] union Emp[23] union Emp[24] union Emp[25] union Emp[26] union Emp[27] union Emp[28] union Emp[29] union Emp[30] union Emp[31] union Emp[32] union Emp[33] union Emp[34] union Emp[35] union Emp[36] union Emp[37] union Emp[38] union Emp[39] union Emp[40] union Emp[41] union Emp[42] union Emp[43] union Emp[44] union Emp[45] union Emp[46] union Emp[47] union Emp[48] union Emp[49] union Emp[50] union Emp[51] union Emp[52] union Emp[53] union Emp[54] union Emp[55] union Emp[56] union Emp[57] union Emp[58] union Emp[59] union Emp[60] union Emp[61] union Emp[62] union Emp[63] union Emp[64] union Emp[65] union Emp[66] union Emp[67] union Emp[68] union Emp[69] union Emp[70] union Emp[71] union Emp[72] union Emp[73] union Emp[74] union Emp[75] union Emp[76] union Emp[77] union Emp[78] union Emp[79] union Emp[80]) where hire_date < 1980-01-01 and sal > 500 and position = "tester" and sex = "male;750.39;7.5771778404E8
94;(Emp[1] union Emp[2] union Emp[3] union Emp[4] union Emp[5] union Emp[6] union Emp[7] union Emp[8] union Emp[9] union Emp[10] union Emp[11] union Emp[12] union Emp[13] union Emp[14] union Emp[15] union Emp[16] union Emp[17] union Emp[18] union Emp[19] union Emp[20] union Emp[21] union Emp[22] union Emp[23] union Emp[24] union Emp[25] union Emp[26] union Emp[27] union Emp[28] union Emp[29] union Emp[30] union Emp[31] union Emp[32] union Emp[33] union Emp[34] union Emp[35] union Emp[36] union Emp[37] union Emp[38] union Emp[39] union Emp[40] union Emp[41] union Emp[42] union Emp[43] union Emp[44] union Emp[45] union Emp[46] union Emp[47] union Emp[48] union Emp[49] union Emp[50] union Emp[51] union Emp[52] union Emp[53] union Emp[54] union Emp[55] union Emp[56] union Emp[57] union Emp[58] union Emp[59] union Emp[60] union Emp[61] union Emp[62] union Emp[63] union Emp[64] union Emp[65] union Emp[66] union Emp[67] union Emp[68] union Emp[69] union Emp[70] union Emp[71] union Emp[72] union Emp[73] union Emp[74] union Emp[75] union Emp[76] union Emp[77] union Emp[78] union Emp[79] union Emp[80]) where hire_date < 1980-01-01 and sal > 500 and position = "tester" and sex = "male" and lname = "Acosta;750.3;7.5767338558E8
95;(Emp[1] union Emp[2] union Emp[3] union Emp[4] union Emp[5] union Emp[6] union Emp[7] union Emp[8] union Emp[9] union Emp[10] union Emp[11] union Emp[12] union Emp[13] union Emp[14] union Emp[15] union Emp[16] union Emp[17] union Emp[18] union Emp[19] union Emp[20] union Emp[21] union Emp[22] union Emp[23] union Emp[24] union Emp[25] union Emp[26] union Emp[27] union Emp[28] union Emp[29] union Emp[30] union Emp[31] union Emp[32] union Emp[33] union Emp[34] union Emp[35] union Emp[36] union Emp[37] union Emp[38] union Emp[39] union Emp[40] union Emp[41] union Emp[42] union Emp[43] union Emp[44] union Emp[45] union Emp[46] union Emp[47] union Emp[48] union Emp[49] union Emp[50] union Emp[51] union Emp[52] union Emp[53] union Emp[54] union Emp[55] union Emp[56] union Emp[57] union Emp[58] union Emp[59] union Emp[60] union Emp[61] union Emp[62] union Emp[63] union Emp[64] union Emp[65] union Emp[66] union Emp[67] union Emp[68] union Emp[69] union Emp[70] union Emp[71] union Emp[72] union Emp[73] union Emp[74] union Emp[75] union Emp[76] union Emp[77] union Emp[78] union Emp[79] union Emp[80]) where hire_date < 1980-01-01 and sal > 500 and position = "tester" and sex = "male" and lname = "Acosta" and fName = "Clayton;750.65;7.5816351347E8
96;(Emp[1] union Emp[2] union Emp[3] union Emp[4] union Emp[5] union Emp[6] union Emp[7] union Emp[8] union Emp[9] union Emp[10] union Emp[11] union Emp[12] union Emp[13] union Emp[14] union Emp[15] union Emp[16] union Emp[17] union Emp[18] union Emp[19] union Emp[20] union Emp[21] union Emp[22] union Emp[23] union Emp[24] union Emp[25] union Emp[26] union Emp[27] union Emp[28] union Emp[29] union Emp[30] union Emp[31] union Emp[32] union Emp[33] union Emp[34] union Emp[35] union Emp[36] union Emp[37] union Emp[38] union Emp[39] union Emp[40] union Emp[41] union Emp[42] union Emp[43] union Emp[44] union Emp[45] union Emp[46] union Emp[47] union Emp[48] union Emp[49] union Emp[50] union Emp[51] union Emp[52] union Emp[53] union Emp[54] union Emp[55] union Emp[56] union Emp[57] union Emp[58] union Emp[59] union Emp[60] union Emp[61] union Emp[62] union Emp[63] union Emp[64] union Emp[65] union Emp[66] union Emp[67] union Emp[68] union Emp[69] union Emp[70] union Emp[71] union Emp[72] union Emp[73] union Emp[74] union Emp[75] union Emp[76] union Emp[77] union Emp[78] union Emp[79] union Emp[80] union Emp[81] union Emp[82] union Emp[83] union Emp[84] union Emp[85]) where hire_date < 1980-01-0;795.2;8.0238915959E8
97;(Emp[1] union Emp[2] union Emp[3] union Emp[4] union Emp[5] union Emp[6] union Emp[7] union Emp[8] union Emp[9] union Emp[10] union Emp[11] union Emp[12] union Emp[13] union Emp[14] union Emp[15] union Emp[16] union Emp[17] union Emp[18] union Emp[19] union Emp[20] union Emp[21] union Emp[22] union Emp[23] union Emp[24] union Emp[25] union Emp[26] union Emp[27] union Emp[28] union Emp[29] union Emp[30] union Emp[31] union Emp[32] union Emp[33] union Emp[34] union Emp[35] union Emp[36] union Emp[37] union Emp[38] union Emp[39] union Emp[40] union Emp[41] union Emp[42] union Emp[43] union Emp[44] union Emp[45] union Emp[46] union Emp[47] union Emp[48] union Emp[49] union Emp[50] union Emp[51] union Emp[52] union Emp[53] union Emp[54] union Emp[55] union Emp[56] union Emp[57] union Emp[58] union Emp[59] union Emp[60] union Emp[61] union Emp[62] union Emp[63] union Emp[64] union Emp[65] union Emp[66] union Emp[67] union Emp[68] union Emp[69] union Emp[70] union Emp[71] union Emp[72] union Emp[73] union Emp[74] union Emp[75] union Emp[76] union Emp[77] union Emp[78] union Emp[79] union Emp[80] union Emp[81] union Emp[82] union Emp[83] union Emp[84] union Emp[85]) where hire_date < 1980-01-01 and sal > 50;793.31;8.0069387936E8
98;(Emp[1] union Emp[2] union Emp[3] union Emp[4] union Emp[5] union Emp[6] union Emp[7] union Emp[8] union Emp[9] union Emp[10] union Emp[11] union Emp[12] union Emp[13] union Emp[14] union Emp[15] union Emp[16] union Emp[17] union Emp[18] union Emp[19] union Emp[20] union Emp[21] union Emp[22] union Emp[23] union Emp[24] union Emp[25] union Emp[26] union Emp[27] union Emp[28] union Emp[29] union Emp[30] union Emp[31] union Emp[32] union Emp[33] union Emp[34] union Emp[35] union Emp[36] union Emp[37] union Emp[38] union Emp[39] union Emp[40] union Emp[41] union Emp[42] union Emp[43] union Emp[44] union Emp[45] union Emp[46] union Emp[47] union Emp[48] union Emp[49] union Emp[50] union Emp[51] union Emp[52] union Emp[53] union Emp[54] union Emp[55] union Emp[56] union Emp[57] union Emp[58] union Emp[59] union Emp[60] union Emp[61] union Emp[62] union Emp[63] union Emp[64] union Emp[65] union Emp[66] union Emp[67] union Emp[68] union Emp[69] union Emp[70] union Emp[71] union Emp[72] union Emp[73] union Emp[74] union Emp[75] union Emp[76] union Emp[77] union Emp[78] union Emp[79] union Emp[80] union Emp[81] union Emp[82] union Emp[83] union Emp[84] union Emp[85]) where hire_date < 1980-01-01 and sal > 500 and position = "tester;795.11;8.0260442737E8
99;(Emp[1] union Emp[2] union Emp[3] union Emp[4] union Emp[5] union Emp[6] union Emp[7] union Emp[8] union Emp[9] union Emp[10] union Emp[11] union Emp[12] union Emp[13] union Emp[14] union Emp[15] union Emp[16] union Emp[17] union Emp[18] union Emp[19] union Emp[20] union Emp[21] union Emp[22] union Emp[23] union Emp[24] union Emp[25] union Emp[26] union Emp[27] union Emp[28] union Emp[29] union Emp[30] union Emp[31] union Emp[32] union Emp[33] union Emp[34] union Emp[35] union Emp[36] union Emp[37] union Emp[38] union Emp[39] union Emp[40] union Emp[41] union Emp[42] union Emp[43] union Emp[44] union Emp[45] union Emp[46] union Emp[47] union Emp[48] union Emp[49] union Emp[50] union Emp[51] union Emp[52] union Emp[53] union Emp[54] union Emp[55] union Emp[56] union Emp[57] union Emp[58] union Emp[59] union Emp[60] union Emp[61] union Emp[62] union Emp[63] union Emp[64] union Emp[65] union Emp[66] union Emp[67] union Emp[68] union Emp[69] union Emp[70] union Emp[71] union Emp[72] union Emp[73] union Emp[74] union Emp[75] union Emp[76] union Emp[77] union Emp[78] union Emp[79] union Emp[80] union Emp[81] union Emp[82] union Emp[83] union Emp[84] union Emp[85]) where hire_date < 1980-01-01 and sal > 500 and position = "tester" and sex = "male;795.82;8.0341799794E8
100;(Emp[1] union Emp[2] union Emp[3] union Emp[4] union Emp[5] union Emp[6] union Emp[7] union Emp[8] union Emp[9] union Emp[10] union Emp[11] union Emp[12] union Emp[13] union Emp[14] union Emp[15] union Emp[16] union Emp[17] union Emp[18] union Emp[19] union Emp[20] union Emp[21] union Emp[22] union Emp[23] union Emp[24] union Emp[25] union Emp[26] union Emp[27] union Emp[28] union Emp[29] union Emp[30] union Emp[31] union Emp[32] union Emp[33] union Emp[34] union Emp[35] union Emp[36] union Emp[37] union Emp[38] union Emp[39] union Emp[40] union Emp[41] union Emp[42] union Emp[43] union Emp[44] union Emp[45] union Emp[46] union Emp[47] union Emp[48] union Emp[49] union Emp[50] union Emp[51] union Emp[52] union Emp[53] union Emp[54] union Emp[55] union Emp[56] union Emp[57] union Emp[58] union Emp[59] union Emp[60] union Emp[61] union Emp[62] union Emp[63] union Emp[64] union Emp[65] union Emp[66] union Emp[67] union Emp[68] union Emp[69] union Emp[70] union Emp[71] union Emp[72] union Emp[73] union Emp[74] union Emp[75] union Emp[76] union Emp[77] union Emp[78] union Emp[79] union Emp[80] union Emp[81] union Emp[82] union Emp[83] union Emp[84] union Emp[85]) where hire_date < 1980-01-01 and sal > 500 and position = "tester" and sex = "male" and lname = "Acosta;796.05;8.0374143329E8
101;(Emp[1] union Emp[2] union Emp[3] union Emp[4] union Emp[5] union Emp[6] union Emp[7] union Emp[8] union Emp[9] union Emp[10] union Emp[11] union Emp[12] union Emp[13] union Emp[14] union Emp[15] union Emp[16] union Emp[17] union Emp[18] union Emp[19] union Emp[20] union Emp[21] union Emp[22] union Emp[23] union Emp[24] union Emp[25] union Emp[26] union Emp[27] union Emp[28] union Emp[29] union Emp[30] union Emp[31] union Emp[32] union Emp[33] union Emp[34] union Emp[35] union Emp[36] union Emp[37] union Emp[38] union Emp[39] union Emp[40] union Emp[41] union Emp[42] union Emp[43] union Emp[44] union Emp[45] union Emp[46] union Emp[47] union Emp[48] union Emp[49] union Emp[50] union Emp[51] union Emp[52] union Emp[53] union Emp[54] union Emp[55] union Emp[56] union Emp[57] union Emp[58] union Emp[59] union Emp[60] union Emp[61] union Emp[62] union Emp[63] union Emp[64] union Emp[65] union Emp[66] union Emp[67] union Emp[68] union Emp[69] union Emp[70] union Emp[71] union Emp[72] union Emp[73] union Emp[74] union Emp[75] union Emp[76] union Emp[77] union Emp[78] union Emp[79] union Emp[80] union Emp[81] union Emp[82] union Emp[83] union Emp[84] union Emp[85]) where hire_date < 1980-01-01 and sal > 500 and position = "tester" and sex = "male" and lname = "Acosta" and fName = "Clayton;795.42;8.0320164635E8
102;(Emp[1] union Emp[2] union Emp[3] union Emp[4] union Emp[5] union Emp[6] union Emp[7] union Emp[8] union Emp[9] union Emp[10] union Emp[11] union Emp[12] union Emp[13] union Emp[14] union Emp[15] union Emp[16] union Emp[17] union Emp[18] union Emp[19] union Emp[20] union Emp[21] union Emp[22] union Emp[23] union Emp[24] union Emp[25] union Emp[26] union Emp[27] union Emp[28] union Emp[29] union Emp[30] union Emp[31] union Emp[32] union Emp[33] union Emp[34] union Emp[35] union Emp[36] union Emp[37] union Emp[38] union Emp[39] union Emp[40] union Emp[41] union Emp[42] union Emp[43] union Emp[44] union Emp[45] union Emp[46] union Emp[47] union Emp[48] union Emp[49] union Emp[50] union Emp[51] union Emp[52] union Emp[53] union Emp[54] union Emp[55] union Emp[56] union Emp[57] union Emp[58] union Emp[59] union Emp[60] union Emp[61] union Emp[62] union Emp[63] union Emp[64] union Emp[65] union Emp[66] union Emp[67] union Emp[68] union Emp[69] union Emp[70] union Emp[71] union Emp[72] union Emp[73] union Emp[74] union Emp[75] union Emp[76] union Emp[77] union Emp[78] union Emp[79] union Emp[80] union Emp[81] union Emp[82] union Emp[83] union Emp[84] union Emp[85] union Emp[86] union Emp[87] union Emp[88] union Emp[89] union Emp[90]) where hire_date < 1980-01-0;841.17;8.486262942E8
103;(Emp[1] union Emp[2] union Emp[3] union Emp[4] union Emp[5] union Emp[6] union Emp[7] union Emp[8] union Emp[9] union Emp[10] union Emp[11] union Emp[12] union Emp[13] union Emp[14] union Emp[15] union Emp[16] union Emp[17] union Emp[18] union Emp[19] union Emp[20] union Emp[21] union Emp[22] union Emp[23] union Emp[24] union Emp[25] union Emp[26] union Emp[27] union Emp[28] union Emp[29] union Emp[30] union Emp[31] union Emp[32] union Emp[33] union Emp[34] union Emp[35] union Emp[36] union Emp[37] union Emp[38] union Emp[39] union Emp[40] union Emp[41] union Emp[42] union Emp[43] union Emp[44] union Emp[45] union Emp[46] union Emp[47] union Emp[48] union Emp[49] union Emp[50] union Emp[51] union Emp[52] union Emp[53] union Emp[54] union Emp[55] union Emp[56] union Emp[57] union Emp[58] union Emp[59] union Emp[60] union Emp[61] union Emp[62] union Emp[63] union Emp[64] union Emp[65] union Emp[66] union Emp[67] union Emp[68] union Emp[69] union Emp[70] union Emp[71] union Emp[72] union Emp[73] union Emp[74] union Emp[75] union Emp[76] union Emp[77] union Emp[78] union Emp[79] union Emp[80] union Emp[81] union Emp[82] union Emp[83] union Emp[84] union Emp[85] union Emp[86] union Emp[87] union Emp[88] union Emp[89] union Emp[90]) where hire_date < 1980-01-01 and sal > 50;826.74;8.3438857701E8
104;(Emp[1] union Emp[2] union Emp[3] union Emp[4] union Emp[5] union Emp[6] union Emp[7] union Emp[8] union Emp[9] union Emp[10] union Emp[11] union Emp[12] union Emp[13] union Emp[14] union Emp[15] union Emp[16] union Emp[17] union Emp[18] union Emp[19] union Emp[20] union Emp[21] union Emp[22] union Emp[23] union Emp[24] union Emp[25] union Emp[26] union Emp[27] union Emp[28] union Emp[29] union Emp[30] union Emp[31] union Emp[32] union Emp[33] union Emp[34] union Emp[35] union Emp[36] union Emp[37] union Emp[38] union Emp[39] union Emp[40] union Emp[41] union Emp[42] union Emp[43] union Emp[44] union Emp[45] union Emp[46] union Emp[47] union Emp[48] union Emp[49] union Emp[50] union Emp[51] union Emp[52] union Emp[53] union Emp[54] union Emp[55] union Emp[56] union Emp[57] union Emp[58] union Emp[59] union Emp[60] union Emp[61] union Emp[62] union Emp[63] union Emp[64] union Emp[65] union Emp[66] union Emp[67] union Emp[68] union Emp[69] union Emp[70] union Emp[71] union Emp[72] union Emp[73] union Emp[74] union Emp[75] union Emp[76] union Emp[77] union Emp[78] union Emp[79] union Emp[80] union Emp[81] union Emp[82] union Emp[83] union Emp[84] union Emp[85] union Emp[86] union Emp[87] union Emp[88] union Emp[89] union Emp[90]) where hire_date < 1980-01-01 and sal > 500 and position = "tester;828.22;8.3606854302E8
105;(Emp[1] union Emp[2] union Emp[3] union Emp[4] union Emp[5] union Emp[6] union Emp[7] union Emp[8] union Emp[9] union Emp[10] union Emp[11] union Emp[12] union Emp[13] union Emp[14] union Emp[15] union Emp[16] union Emp[17] union Emp[18] union Emp[19] union Emp[20] union Emp[21] union Emp[22] union Emp[23] union Emp[24] union Emp[25] union Emp[26] union Emp[27] union Emp[28] union Emp[29] union Emp[30] union Emp[31] union Emp[32] union Emp[33] union Emp[34] union Emp[35] union Emp[36] union Emp[37] union Emp[38] union Emp[39] union Emp[40] union Emp[41] union Emp[42] union Emp[43] union Emp[44] union Emp[45] union Emp[46] union Emp[47] union Emp[48] union Emp[49] union Emp[50] union Emp[51] union Emp[52] union Emp[53] union Emp[54] union Emp[55] union Emp[56] union Emp[57] union Emp[58] union Emp[59] union Emp[60] union Emp[61] union Emp[62] union Emp[63] union Emp[64] union Emp[65] union Emp[66] union Emp[67] union Emp[68] union Emp[69] union Emp[70] union Emp[71] union Emp[72] union Emp[73] union Emp[74] union Emp[75] union Emp[76] union Emp[77] union Emp[78] union Emp[79] union Emp[80] union Emp[81] union Emp[82] union Emp[83] union Emp[84] union Emp[85] union Emp[86] union Emp[87] union Emp[88] union Emp[89] union Emp[90]) where hire_date < 1980-01-01 and sal > 500 and position = "tester" and sex = "male;829.26;8.3711525247E8
106;(Emp[1] union Emp[2] union Emp[3] union Emp[4] union Emp[5] union Emp[6] union Emp[7] union Emp[8] union Emp[9] union Emp[10] union Emp[11] union Emp[12] union Emp[13] union Emp[14] union Emp[15] union Emp[16] union Emp[17] union Emp[18] union Emp[19] union Emp[20] union Emp[21] union Emp[22] union Emp[23] union Emp[24] union Emp[25] union Emp[26] union Emp[27] union Emp[28] union Emp[29] union Emp[30] union Emp[31] union Emp[32] union Emp[33] union Emp[34] union Emp[35] union Emp[36] union Emp[37] union Emp[38] union Emp[39] union Emp[40] union Emp[41] union Emp[42] union Emp[43] union Emp[44] union Emp[45] union Emp[46] union Emp[47] union Emp[48] union Emp[49] union Emp[50] union Emp[51] union Emp[52] union Emp[53] union Emp[54] union Emp[55] union Emp[56] union Emp[57] union Emp[58] union Emp[59] union Emp[60] union Emp[61] union Emp[62] union Emp[63] union Emp[64] union Emp[65] union Emp[66] union Emp[67] union Emp[68] union Emp[69] union Emp[70] union Emp[71] union Emp[72] union Emp[73] union Emp[74] union Emp[75] union Emp[76] union Emp[77] union Emp[78] union Emp[79] union Emp[80] union Emp[81] union Emp[82] union Emp[83] union Emp[84] union Emp[85] union Emp[86] union Emp[87] union Emp[88] union Emp[89] union Emp[90]) where hire_date < 1980-01-01 and sal > 500 and position = "tester" and sex = "male" and lname = "Acosta;830.85;8.3878856416E8
107;(Emp[1] union Emp[2] union Emp[3] union Emp[4] union Emp[5] union Emp[6] union Emp[7] union Emp[8] union Emp[9] union Emp[10] union Emp[11] union Emp[12] union Emp[13] union Emp[14] union Emp[15] union Emp[16] union Emp[17] union Emp[18] union Emp[19] union Emp[20] union Emp[21] union Emp[22] union Emp[23] union Emp[24] union Emp[25] union Emp[26] union Emp[27] union Emp[28] union Emp[29] union Emp[30] union Emp[31] union Emp[32] union Emp[33] union Emp[34] union Emp[35] union Emp[36] union Emp[37] union Emp[38] union Emp[39] union Emp[40] union Emp[41] union Emp[42] union Emp[43] union Emp[44] union Emp[45] union Emp[46] union Emp[47] union Emp[48] union Emp[49] union Emp[50] union Emp[51] union Emp[52] union Emp[53] union Emp[54] union Emp[55] union Emp[56] union Emp[57] union Emp[58] union Emp[59] union Emp[60] union Emp[61] union Emp[62] union Emp[63] union Emp[64] union Emp[65] union Emp[66] union Emp[67] union Emp[68] union Emp[69] union Emp[70] union Emp[71] union Emp[72] union Emp[73] union Emp[74] union Emp[75] union Emp[76] union Emp[77] union Emp[78] union Emp[79] union Emp[80] union Emp[81] union Emp[82] union Emp[83] union Emp[84] union Emp[85] union Emp[86] union Emp[87] union Emp[88] union Emp[89] union Emp[90]) where hire_date < 1980-01-01 and sal > 500 and position = "tester" and sex = "male" and lname = "Acosta" and fName = "Clayton;828.04;8.3625724534E8
108;(Emp[1] union Emp[2] union Emp[3] union Emp[4] union Emp[5] union Emp[6] union Emp[7] union Emp[8] union Emp[9] union Emp[10] union Emp[11] union Emp[12] union Emp[13] union Emp[14] union Emp[15] union Emp[16] union Emp[17] union Emp[18] union Emp[19] union Emp[20] union Emp[21] union Emp[22] union Emp[23] union Emp[24] union Emp[25] union Emp[26] union Emp[27] union Emp[28] union Emp[29] union Emp[30] union Emp[31] union Emp[32] union Emp[33] union Emp[34] union Emp[35] union Emp[36] union Emp[37] union Emp[38] union Emp[39] union Emp[40] union Emp[41] union Emp[42] union Emp[43] union Emp[44] union Emp[45] union Emp[46] union Emp[47] union Emp[48] union Emp[49] union Emp[50] union Emp[51] union Emp[52] union Emp[53] union Emp[54] union Emp[55] union Emp[56] union Emp[57] union Emp[58] union Emp[59] union Emp[60] union Emp[61] union Emp[62] union Emp[63] union Emp[64] union Emp[65] union Emp[66] union Emp[67] union Emp[68] union Emp[69] union Emp[70] union Emp[71] union Emp[72] union Emp[73] union Emp[74] union Emp[75] union Emp[76] union Emp[77] union Emp[78] union Emp[79] union Emp[80] union Emp[81] union Emp[82] union Emp[83] union Emp[84] union Emp[85] union Emp[86] union Emp[87] union Emp[88] union Emp[89] union Emp[90] union Emp[91] union Emp[92] union Emp[93] union Emp[94] union Emp[95]) where hire_date < 1980-01-0;873.6;8.8142048682E8
109;(Emp[1] union Emp[2] union Emp[3] union Emp[4] union Emp[5] union Emp[6] union Emp[7] union Emp[8] union Emp[9] union Emp[10] union Emp[11] union Emp[12] union Emp[13] union Emp[14] union Emp[15] union Emp[16] union Emp[17] union Emp[18] union Emp[19] union Emp[20] union Emp[21] union Emp[22] union Emp[23] union Emp[24] union Emp[25] union Emp[26] union Emp[27] union Emp[28] union Emp[29] union Emp[30] union Emp[31] union Emp[32] union Emp[33] union Emp[34] union Emp[35] union Emp[36] union Emp[37] union Emp[38] union Emp[39] union Emp[40] union Emp[41] union Emp[42] union Emp[43] union Emp[44] union Emp[45] union Emp[46] union Emp[47] union Emp[48] union Emp[49] union Emp[50] union Emp[51] union Emp[52] union Emp[53] union Emp[54] union Emp[55] union Emp[56] union Emp[57] union Emp[58] union Emp[59] union Emp[60] union Emp[61] union Emp[62] union Emp[63] union Emp[64] union Emp[65] union Emp[66] union Emp[67] union Emp[68] union Emp[69] union Emp[70] union Emp[71] union Emp[72] union Emp[73] union Emp[74] union Emp[75] union Emp[76] union Emp[77] union Emp[78] union Emp[79] union Emp[80] union Emp[81] union Emp[82] union Emp[83] union Emp[84] union Emp[85] union Emp[86] union Emp[87] union Emp[88] union Emp[89] union Emp[90] union Emp[91] union Emp[92] union Emp[93] union Emp[94] union Emp[95]) where hire_date < 1980-01-01 and sal > 50;872.14;8.8015403742E8
110;(Emp[1] union Emp[2] union Emp[3] union Emp[4] union Emp[5] union Emp[6] union Emp[7] union Emp[8] union Emp[9] union Emp[10] union Emp[11] union Emp[12] union Emp[13] union Emp[14] union Emp[15] union Emp[16] union Emp[17] union Emp[18] union Emp[19] union Emp[20] union Emp[21] union Emp[22] union Emp[23] union Emp[24] union Emp[25] union Emp[26] union Emp[27] union Emp[28] union Emp[29] union Emp[30] union Emp[31] union Emp[32] union Emp[33] union Emp[34] union Emp[35] union Emp[36] union Emp[37] union Emp[38] union Emp[39] union Emp[40] union Emp[41] union Emp[42] union Emp[43] union Emp[44] union Emp[45] union Emp[46] union Emp[47] union Emp[48] union Emp[49] union Emp[50] union Emp[51] union Emp[52] union Emp[53] union Emp[54] union Emp[55] union Emp[56] union Emp[57] union Emp[58] union Emp[59] union Emp[60] union Emp[61] union Emp[62] union Emp[63] union Emp[64] union Emp[65] union Emp[66] union Emp[67] union Emp[68] union Emp[69] union Emp[70] union Emp[71] union Emp[72] union Emp[73] union Emp[74] union Emp[75] union Emp[76] union Emp[77] union Emp[78] union Emp[79] union Emp[80] union Emp[81] union Emp[82] union Emp[83] union Emp[84] union Emp[85] union Emp[86] union Emp[87] union Emp[88] union Emp[89] union Emp[90] union Emp[91] union Emp[92] union Emp[93] union Emp[94] union Emp[95]) where hire_date < 1980-01-01 and sal > 500 and position = "tester;873.5;8.8195438797E8
111;(Emp[1] union Emp[2] union Emp[3] union Emp[4] union Emp[5] union Emp[6] union Emp[7] union Emp[8] union Emp[9] union Emp[10] union Emp[11] union Emp[12] union Emp[13] union Emp[14] union Emp[15] union Emp[16] union Emp[17] union Emp[18] union Emp[19] union Emp[20] union Emp[21] union Emp[22] union Emp[23] union Emp[24] union Emp[25] union Emp[26] union Emp[27] union Emp[28] union Emp[29] union Emp[30] union Emp[31] union Emp[32] union Emp[33] union Emp[34] union Emp[35] union Emp[36] union Emp[37] union Emp[38] union Emp[39] union Emp[40] union Emp[41] union Emp[42] union Emp[43] union Emp[44] union Emp[45] union Emp[46] union Emp[47] union Emp[48] union Emp[49] union Emp[50] union Emp[51] union Emp[52] union Emp[53] union Emp[54] union Emp[55] union Emp[56] union Emp[57] union Emp[58] union Emp[59] union Emp[60] union Emp[61] union Emp[62] union Emp[63] union Emp[64] union Emp[65] union Emp[66] union Emp[67] union Emp[68] union Emp[69] union Emp[70] union Emp[71] union Emp[72] union Emp[73] union Emp[74] union Emp[75] union Emp[76] union Emp[77] union Emp[78] union Emp[79] union Emp[80] union Emp[81] union Emp[82] union Emp[83] union Emp[84] union Emp[85] union Emp[86] union Emp[87] union Emp[88] union Emp[89] union Emp[90] union Emp[91] union Emp[92] union Emp[93] union Emp[94] union Emp[95]) where hire_date < 1980-01-01 and sal > 500 and position = "tester" and sex = "male;874.23;8.8242934678E8
112;(Emp[1] union Emp[2] union Emp[3] union Emp[4] union Emp[5] union Emp[6] union Emp[7] union Emp[8] union Emp[9] union Emp[10] union Emp[11] union Emp[12] union Emp[13] union Emp[14] union Emp[15] union Emp[16] union Emp[17] union Emp[18] union Emp[19] union Emp[20] union Emp[21] union Emp[22] union Emp[23] union Emp[24] union Emp[25] union Emp[26] union Emp[27] union Emp[28] union Emp[29] union Emp[30] union Emp[31] union Emp[32] union Emp[33] union Emp[34] union Emp[35] union Emp[36] union Emp[37] union Emp[38] union Emp[39] union Emp[40] union Emp[41] union Emp[42] union Emp[43] union Emp[44] union Emp[45] union Emp[46] union Emp[47] union Emp[48] union Emp[49] union Emp[50] union Emp[51] union Emp[52] union Emp[53] union Emp[54] union Emp[55] union Emp[56] union Emp[57] union Emp[58] union Emp[59] union Emp[60] union Emp[61] union Emp[62] union Emp[63] union Emp[64] union Emp[65] union Emp[66] union Emp[67] union Emp[68] union Emp[69] union Emp[70] union Emp[71] union Emp[72] union Emp[73] union Emp[74] union Emp[75] union Emp[76] union Emp[77] union Emp[78] union Emp[79] union Emp[80] union Emp[81] union Emp[82] union Emp[83] union Emp[84] union Emp[85] union Emp[86] union Emp[87] union Emp[88] union Emp[89] union Emp[90] union Emp[91] union Emp[92] union Emp[93] union Emp[94] union Emp[95]) where hire_date < 1980-01-01 and sal > 500 and position = "tester" and sex = "male" and lname = "Acosta;876.73;8.8498701602E8
113;(Emp[1] union Emp[2] union Emp[3] union Emp[4] union Emp[5] union Emp[6] union Emp[7] union Emp[8] union Emp[9] union Emp[10] union Emp[11] union Emp[12] union Emp[13] union Emp[14] union Emp[15] union Emp[16] union Emp[17] union Emp[18] union Emp[19] union Emp[20] union Emp[21] union Emp[22] union Emp[23] union Emp[24] union Emp[25] union Emp[26] union Emp[27] union Emp[28] union Emp[29] union Emp[30] union Emp[31] union Emp[32] union Emp[33] union Emp[34] union Emp[35] union Emp[36] union Emp[37] union Emp[38] union Emp[39] union Emp[40] union Emp[41] union Emp[42] union Emp[43] union Emp[44] union Emp[45] union Emp[46] union Emp[47] union Emp[48] union Emp[49] union Emp[50] union Emp[51] union Emp[52] union Emp[53] union Emp[54] union Emp[55] union Emp[56] union Emp[57] union Emp[58] union Emp[59] union Emp[60] union Emp[61] union Emp[62] union Emp[63] union Emp[64] union Emp[65] union Emp[66] union Emp[67] union Emp[68] union Emp[69] union Emp[70] union Emp[71] union Emp[72] union Emp[73] union Emp[74] union Emp[75] union Emp[76] union Emp[77] union Emp[78] union Emp[79] union Emp[80] union Emp[81] union Emp[82] union Emp[83] union Emp[84] union Emp[85] union Emp[86] union Emp[87] union Emp[88] union Emp[89] union Emp[90] union Emp[91] union Emp[92] union Emp[93] union Emp[94] union Emp[95]) where hire_date < 1980-01-01 and sal > 500 and position = "tester" and sex = "male" and lname = "Acosta" and fName = "Clayton;876.2;8.8471747491E8
114;(Emp[1] union Emp[2] union Emp[3] union Emp[4] union Emp[5] union Emp[6] union Emp[7] union Emp[8] union Emp[9] union Emp[10] union Emp[11] union Emp[12] union Emp[13] union Emp[14] union Emp[15] union Emp[16] union Emp[17] union Emp[18] union Emp[19] union Emp[20] union Emp[21] union Emp[22] union Emp[23] union Emp[24] union Emp[25] union Emp[26] union Emp[27] union Emp[28] union Emp[29] union Emp[30] union Emp[31] union Emp[32] union Emp[33] union Emp[34] union Emp[35] union Emp[36] union Emp[37] union Emp[38] union Emp[39] union Emp[40] union Emp[41] union Emp[42] union Emp[43] union Emp[44] union Emp[45] union Emp[46] union Emp[47] union Emp[48] union Emp[49] union Emp[50] union Emp[51] union Emp[52] union Emp[53] union Emp[54] union Emp[55] union Emp[56] union Emp[57] union Emp[58] union Emp[59] union Emp[60] union Emp[61] union Emp[62] union Emp[63] union Emp[64] union Emp[65] union Emp[66] union Emp[67] union Emp[68] union Emp[69] union Emp[70] union Emp[71] union Emp[72] union Emp[73] union Emp[74] union Emp[75] union Emp[76] union Emp[77] union Emp[78] union Emp[79] union Emp[80] union Emp[81] union Emp[82] union Emp[83] union Emp[84] union Emp[85] union Emp[86] union Emp[87] union Emp[88] union Emp[89] union Emp[90] union Emp[91] union Emp[92] union Emp[93] union Emp[94] union Emp[95] union Emp[96] union Emp[97] union Emp[98] union Emp[99] union Emp[100]) where hire_date < 1980-01-0;919.7;9.277350329E8
115;(Emp[1] union Emp[2] union Emp[3] union Emp[4] union Emp[5] union Emp[6] union Emp[7] union Emp[8] union Emp[9] union Emp[10] union Emp[11] union Emp[12] union Emp[13] union Emp[14] union Emp[15] union Emp[16] union Emp[17] union Emp[18] union Emp[19] union Emp[20] union Emp[21] union Emp[22] union Emp[23] union Emp[24] union Emp[25] union Emp[26] union Emp[27] union Emp[28] union Emp[29] union Emp[30] union Emp[31] union Emp[32] union Emp[33] union Emp[34] union Emp[35] union Emp[36] union Emp[37] union Emp[38] union Emp[39] union Emp[40] union Emp[41] union Emp[42] union Emp[43] union Emp[44] union Emp[45] union Emp[46] union Emp[47] union Emp[48] union Emp[49] union Emp[50] union Emp[51] union Emp[52] union Emp[53] union Emp[54] union Emp[55] union Emp[56] union Emp[57] union Emp[58] union Emp[59] union Emp[60] union Emp[61] union Emp[62] union Emp[63] union Emp[64] union Emp[65] union Emp[66] union Emp[67] union Emp[68] union Emp[69] union Emp[70] union Emp[71] union Emp[72] union Emp[73] union Emp[74] union Emp[75] union Emp[76] union Emp[77] union Emp[78] union Emp[79] union Emp[80] union Emp[81] union Emp[82] union Emp[83] union Emp[84] union Emp[85] union Emp[86] union Emp[87] union Emp[88] union Emp[89] union Emp[90] union Emp[91] union Emp[92] union Emp[93] union Emp[94] union Emp[95] union Emp[96] union Emp[97] union Emp[98] union Emp[99] union Emp[100]) where hire_date < 1980-01-01 and sal > 50;923.12;9.3133923312E8
116;(Emp[1] union Emp[2] union Emp[3] union Emp[4] union Emp[5] union Emp[6] union Emp[7] union Emp[8] union Emp[9] union Emp[10] union Emp[11] union Emp[12] union Emp[13] union Emp[14] union Emp[15] union Emp[16] union Emp[17] union Emp[18] union Emp[19] union Emp[20] union Emp[21] union Emp[22] union Emp[23] union Emp[24] union Emp[25] union Emp[26] union Emp[27] union Emp[28] union Emp[29] union Emp[30] union Emp[31] union Emp[32] union Emp[33] union Emp[34] union Emp[35] union Emp[36] union Emp[37] union Emp[38] union Emp[39] union Emp[40] union Emp[41] union Emp[42] union Emp[43] union Emp[44] union Emp[45] union Emp[46] union Emp[47] union Emp[48] union Emp[49] union Emp[50] union Emp[51] union Emp[52] union Emp[53] union Emp[54] union Emp[55] union Emp[56] union Emp[57] union Emp[58] union Emp[59] union Emp[60] union Emp[61] union Emp[62] union Emp[63] union Emp[64] union Emp[65] union Emp[66] union Emp[67] union Emp[68] union Emp[69] union Emp[70] union Emp[71] union Emp[72] union Emp[73] union Emp[74] union Emp[75] union Emp[76] union Emp[77] union Emp[78] union Emp[79] union Emp[80] union Emp[81] union Emp[82] union Emp[83] union Emp[84] union Emp[85] union Emp[86] union Emp[87] union Emp[88] union Emp[89] union Emp[90] union Emp[91] union Emp[92] union Emp[93] union Emp[94] union Emp[95] union Emp[96] union Emp[97] union Emp[98] union Emp[99] union Emp[100]) where hire_date < 1980-01-01 and sal > 500 and position = "tester;921.63;9.3003492925E8
117;(Emp[1] union Emp[2] union Emp[3] union Emp[4] union Emp[5] union Emp[6] union Emp[7] union Emp[8] union Emp[9] union Emp[10] union Emp[11] union Emp[12] union Emp[13] union Emp[14] union Emp[15] union Emp[16] union Emp[17] union Emp[18] union Emp[19] union Emp[20] union Emp[21] union Emp[22] union Emp[23] union Emp[24] union Emp[25] union Emp[26] union Emp[27] union Emp[28] union Emp[29] union Emp[30] union Emp[31] union Emp[32] union Emp[33] union Emp[34] union Emp[35] union Emp[36] union Emp[37] union Emp[38] union Emp[39] union Emp[40] union Emp[41] union Emp[42] union Emp[43] union Emp[44] union Emp[45] union Emp[46] union Emp[47] union Emp[48] union Emp[49] union Emp[50] union Emp[51] union Emp[52] union Emp[53] union Emp[54] union Emp[55] union Emp[56] union Emp[57] union Emp[58] union Emp[59] union Emp[60] union Emp[61] union Emp[62] union Emp[63] union Emp[64] union Emp[65] union Emp[66] union Emp[67] union Emp[68] union Emp[69] union Emp[70] union Emp[71] union Emp[72] union Emp[73] union Emp[74] union Emp[75] union Emp[76] union Emp[77] union Emp[78] union Emp[79] union Emp[80] union Emp[81] union Emp[82] union Emp[83] union Emp[84] union Emp[85] union Emp[86] union Emp[87] union Emp[88] union Emp[89] union Emp[90] union Emp[91] union Emp[92] union Emp[93] union Emp[94] union Emp[95] union Emp[96] union Emp[97] union Emp[98] union Emp[99] union Emp[100]) where hire_date < 1980-01-01 and sal > 500 and position = "tester" and sex = "male;918.65;9.2724800161E8
118;(Emp[1] union Emp[2] union Emp[3] union Emp[4] union Emp[5] union Emp[6] union Emp[7] union Emp[8] union Emp[9] union Emp[10] union Emp[11] union Emp[12] union Emp[13] union Emp[14] union Emp[15] union Emp[16] union Emp[17] union Emp[18] union Emp[19] union Emp[20] union Emp[21] union Emp[22] union Emp[23] union Emp[24] union Emp[25] union Emp[26] union Emp[27] union Emp[28] union Emp[29] union Emp[30] union Emp[31] union Emp[32] union Emp[33] union Emp[34] union Emp[35] union Emp[36] union Emp[37] union Emp[38] union Emp[39] union Emp[40] union Emp[41] union Emp[42] union Emp[43] union Emp[44] union Emp[45] union Emp[46] union Emp[47] union Emp[48] union Emp[49] union Emp[50] union Emp[51] union Emp[52] union Emp[53] union Emp[54] union Emp[55] union Emp[56] union Emp[57] union Emp[58] union Emp[59] union Emp[60] union Emp[61] union Emp[62] union Emp[63] union Emp[64] union Emp[65] union Emp[66] union Emp[67] union Emp[68] union Emp[69] union Emp[70] union Emp[71] union Emp[72] union Emp[73] union Emp[74] union Emp[75] union Emp[76] union Emp[77] union Emp[78] union Emp[79] union Emp[80] union Emp[81] union Emp[82] union Emp[83] union Emp[84] union Emp[85] union Emp[86] union Emp[87] union Emp[88] union Emp[89] union Emp[90] union Emp[91] union Emp[92] union Emp[93] union Emp[94] union Emp[95] union Emp[96] union Emp[97] union Emp[98] union Emp[99] union Emp[100]) where hire_date < 1980-01-01 and sal > 500 and position = "tester" and sex = "male" and lname = "Acosta;920.42;9.290652185E8
119;(Emp[1] union Emp[2] union Emp[3] union Emp[4] union Emp[5] union Emp[6] union Emp[7] union Emp[8] union Emp[9] union Emp[10] union Emp[11] union Emp[12] union Emp[13] union Emp[14] union Emp[15] union Emp[16] union Emp[17] union Emp[18] union Emp[19] union Emp[20] union Emp[21] union Emp[22] union Emp[23] union Emp[24] union Emp[25] union Emp[26] union Emp[27] union Emp[28] union Emp[29] union Emp[30] union Emp[31] union Emp[32] union Emp[33] union Emp[34] union Emp[35] union Emp[36] union Emp[37] union Emp[38] union Emp[39] union Emp[40] union Emp[41] union Emp[42] union Emp[43] union Emp[44] union Emp[45] union Emp[46] union Emp[47] union Emp[48] union Emp[49] union Emp[50] union Emp[51] union Emp[52] union Emp[53] union Emp[54] union Emp[55] union Emp[56] union Emp[57] union Emp[58] union Emp[59] union Emp[60] union Emp[61] union Emp[62] union Emp[63] union Emp[64] union Emp[65] union Emp[66] union Emp[67] union Emp[68] union Emp[69] union Emp[70] union Emp[71] union Emp[72] union Emp[73] union Emp[74] union Emp[75] union Emp[76] union Emp[77] union Emp[78] union Emp[79] union Emp[80] union Emp[81] union Emp[82] union Emp[83] union Emp[84] union Emp[85] union Emp[86] union Emp[87] union Emp[88] union Emp[89] union Emp[90] union Emp[91] union Emp[92] union Emp[93] union Emp[94] union Emp[95] union Emp[96] union Emp[97] union Emp[98] union Emp[99] union Emp[100]) where hire_date < 1980-01-01 and sal > 500 and position = "tester" and sex = "male" and lname = "Acosta" and fName = "Clayton;922.29;9.3100861613E8
